International Bank Transfer in US Dollars (USD),"$10,000.00",Afghanistan,Calvin College receives
International Bank Transfer in Norwegian Krone (NOK),"kr82.281,00",Åland Islands,Calvin College receives
International Bank Transfer in US Dollars (USD),"$10,000.00",Åland Islands,Calvin College receives
International Bank Transfer in Euros (EUR),"8.842,00 €",Albania,Calvin College receives
,,Albania,Calvin College receives
MasterCard: Debit/Credit in DZD,"1,246,100.00 ?.?",Algeria,Calvin College receives
Visa: Debit/Credit in DZD,"1,246,100.00 ?.?",Algeria,Calvin College receives
International Bank Transfer in Euros (EUR),"8.844,00 €",Algeria,Calvin College receives
VISA: Debit/Credit in EUR,"8.929,00 €",Algeria,Calvin College receives
MasterCard: Debit/Credit in EUR,"8.929,00 €",Algeria,Calvin College receives
International Bank Transfer in US Dollars (USD),"$10,000.00",Algeria,Calvin College receives
International Bank Transfer in US Dollars (USD),"$10,000.00",American Samoa,Calvin College receives
,,American Samoa,Calvin College receives
Domestic Bank Transfer in Euros (EUR),"8.843,00 €",Andorra,Calvin College receives
,,Andorra,Calvin College receives
VISA: Debit/Credit in EUR,"8.929,00 €",Angola,Calvin College receives
MasterCard: Debit/Credit in EUR,"8.929,00 €",Angola,Calvin College receives
International Bank Transfer in US Dollars (USD),"$10,000.00",Angola,Calvin College receives
International Bank Transfer in South African Rand (ZAR),"R141,209.00",Angola,Calvin College receives
International Bank Transfer in British Pounds (GBP),"£7,844.00",Angola,Calvin College receives
International Bank Transfer in Euros (EUR),"8.843,00 €",Angola,Calvin College receives
MasterCard: Debit/Credit in XCD,"$28,500.00",Anguilla,Calvin College receives
VISA: Debit/Credit in XCD,"$28,500.00",Anguilla,Calvin College receives
International Bank Transfer in US Dollars (USD),"$10,000.00",Anguilla,Calvin College receives
International Bank Transfer in US Dollars (USD),"$10,000.00",Antarctica,Calvin College receives
MasterCard: Debit/Credit in XCD,"$28,500.00",Antigua and Barbuda,Calvin College receives
VISA: Debit/Credit in XCD,"$28,500.00",Antigua and Barbuda,Calvin College receives
International Bank Transfer in US Dollars (USD),"$10,000.00",Antigua and Barbuda,Calvin College receives
MasterCard: Debit/Credit in ARS,"$295.656,00",Argentina,Calvin College receives
VISA: Debit/Credit in ARS,"$295.656,00",Argentina,Calvin College receives
International Bank Transfer in US Dollars (USD),"$10,000.00",Argentina,Calvin College receives
International Bank Transfer in US Dollars (USD),"$10,000.00",Armenia,Calvin College receives
VISA: Debit/Credit in AWG,"18,862.00 Afl",Aruba,Calvin College receives
MasterCard: Debit/Credit in AWG,"18,862.00 Afl",Aruba,Calvin College receives
International Bank Transfer in US Dollars (USD),"$10,000.00",Aruba,Calvin College receives
International Bank Transfer in Canadian Dollars (CAD),"$13,568.00",Aruba,Calvin College receives
Domestic Bank Transfer in AUD (EFT),"A$13,930.00",Australia,Calvin College receives
American Express in AUD,"A$14,190.00",Australia,Calvin College receives
MasterCard: Debit/Credit in AUD,"A$14,190.00",Australia,Calvin College receives
VISA: Debit/Credit in AUD,"A$14,190.00",Australia,Calvin College receives
,,Australia,Calvin College receives
,,Australia,Calvin College receives
Domestic Bank Transfer in Euros (EUR),"8.846,00 €",Austria,Calvin College receives
VISA: Debit/Credit in EUR,"8.931,00 €",Austria,Calvin College receives
MasterCard: Debit/Credit in EUR,"8.931,00 €",Austria,Calvin College receives
American Express in EUR,"8.931,00 €",Austria,Calvin College receives
PayPal in EUR,"9.017,00 €",Austria,Calvin College receives
Online Bank Transfer,"8.846,00 €",Austria,Calvin College receives
,,Austria,Calvin College receives
International Bank Transfer in US Dollars (USD),"$10,000.00",Azerbaijan,Calvin College receives
MasterCard: Debit/Credit in AZN,"???17,932.00",Azerbaijan,Calvin College receives
VISA: Debit/Credit in AZN,"???17,932.00",Azerbaijan,Calvin College receives
International Bank Transfer in US Dollars (USD),"$10,000.00",Bahamas,Calvin College receives
VISA: Debit/Credit in BSD,"$10,538.00",Bahamas,Calvin College receives
MasterCard: Debit/Credit in BSD,"$10,538.00",Bahamas,Calvin College receives
International Bank Transfer in Canadian Dollars (CAD),"$13,569.00",Bahamas,Calvin College receives
MasterCard: Debit/Credit in BHD,"?.?3,962.100",Bahrain,Calvin College receives
Visa: Debit/Credit in BHD,"?.?3,962.100",Bahrain,Calvin College receives
International Bank Transfer in US Dollars (USD),"$10,000.00",Bahrain,Calvin College receives
MasterCard: Debit/Credit in BDT,"?886,990.00",Bangladesh,Calvin College receives
VISA: Debit/Credit in BDT,"?886,990.00",Bangladesh,Calvin College receives
International Bank Transfer in US Dollars (USD),"$10,000.00",Bangladesh,Calvin College receives
MasterCard: Debit/Credit in BBD,"21,075.00 $",Barbados,Calvin College receives
VISA: Debit/Credit in BBD,"21,075.00 $",Barbados,Calvin College receives
International Bank Transfer in US Dollars (USD),"$10,000.00",Barbados,Calvin College receives
International Bank Transfer in Canadian Dollars (CAD),"$13,570.00",Barbados,Calvin College receives
International Bank Transfer in US Dollars (USD),"$10,000.00",Belarus,Calvin College receives
Domestic Bank Transfer in Euros (EUR),"8.844,00 €",Belgium,Calvin College receives
VISA: Debit/Credit in EUR,"8.929,00 €",Belgium,Calvin College receives
MasterCard: Debit/Credit in EUR,"8.929,00 €",Belgium,Calvin College receives
American Express in EUR,"8.929,00 €",Belgium,Calvin College receives
PayPal in EUR,"9.015,00 €",Belgium,Calvin College receives
Online Bank Transfer,"8.844,00 €",Belgium,Calvin College receives
,,Belgium,Calvin College receives
VISA: Debit/Credit in BZD,"$21,200.00",Belize,Calvin College receives
MasterCard: Debit/Credit in BZD,"$21,200.00",Belize,Calvin College receives
International Bank Transfer in US Dollars (USD),"$10,000.00",Belize,Calvin College receives
International Bank Transfer in Mexican Pesos (MXN),"$203,164.00",Belize,Calvin College receives
International Bank Transfer in US Dollars (USD),"$10,000.00",Benin,Calvin College receives
Mastercard: Debit/Credit in BMD,"$10,538.00",Bermuda,Calvin College receives
VISA: Debit/Credit in BMD,"$10,538.00",Bermuda,Calvin College receives
International Bank Transfer in US Dollars (USD),"$10,000.00",Bermuda,Calvin College receives
International Bank Transfer in US Dollars (USD),"$10,000.00",Bhutan,Calvin College receives
Mastercard: Debit/Credit in BOB,"Bs72,962.00","Bolivia, Plurinational State of",Calvin College receives
VISA: Debit/Credit in BOB,"Bs72,962.00","Bolivia, Plurinational State of",Calvin College receives
International Bank Transfer in US Dollars (USD),"$10,000.00","Bolivia, Plurinational State of",Calvin College receives
International Bank Transfer in US Dollars (USD),"$10,000.00","Bonaire, Saint Eustatius and Saba",Calvin College receives
,,"Bonaire, Saint Eustatius and Saba",Calvin College receives
VISA: Debit/Credit in BAM,"17,727.00 KM",Bosnia and Herzegovina,Calvin College receives
MasterCard: Debit/Credit in BAM,"17,727.00 KM",Bosnia and Herzegovina,Calvin College receives
International Bank Transfer in Euros (EUR),"8.845,00 €",Bosnia and Herzegovina,Calvin College receives
International Bank Transfer in US Dollars (USD),"$10,000.00",Bosnia and Herzegovina,Calvin College receives
Mastercard: Debit/Credit in BWP,"P110,300.00",Botswana,Calvin College receives
VISA: Debit/Credit in BWP,"P110,300.00",Botswana,Calvin College receives
International Bank Transfer in US Dollars (USD),"$10,000.00",Botswana,Calvin College receives
International Bank Transfer in South African Rand (ZAR),"R141,120.00",Botswana,Calvin College receives
International Bank Transfer in British Pounds (GBP),"£7,845.00",Botswana,Calvin College receives
MasterCard: Debit/Credit in NOK,"kr84.564,00",Bouvet Island,Calvin College receives
VISA: Debit/Credit in NOK,"kr84.564,00",Bouvet Island,Calvin College receives
International Bank Transfer in Norwegian Krone (NOK),"kr82.275,00",Bouvet Island,Calvin College receives
,,Bouvet Island,Calvin College receives
Boleto,"R$42.923,00",Brazil,Calvin College receives
Cartão de Crédito/Débito em Reais,"R$43.650,00",Brazil,Calvin College receives
Pagamento com Débito em Conta,"R$43.650,00",Brazil,Calvin College receives
Pagamento Parcelado via Cartão de Crédito em Reais,"R$43.650,00",Brazil,Calvin College receives
,,Brazil,Calvin College receives
,,Brazil,Calvin College receives
,,Brazil,Calvin College receives
MasterCard: Debit/Credit in BND,"$14,400.00",Brunei Darussalam,Calvin College receives
VISA: Debit/Credit in BND,"$14,400.00",Brunei Darussalam,Calvin College receives
MasterCard: Debit/Credit in SGD,"S$14,297.00",Brunei Darussalam,Calvin College receives
VISA: Debit/Credit in SGD,"S$14,297.00",Brunei Darussalam,Calvin College receives
International Bank Transfer in US Dollars (USD),"$10,000.00",Brunei Darussalam,Calvin College receives
MasterCard: Debit/Credit in BGN,"??17,730.00",Bulgaria,Calvin College receives
VISA: Debit/Credit in BGN,"??17,730.00",Bulgaria,Calvin College receives
International Bank Transfer in US Dollars (USD),"$10,000.00",Bulgaria,Calvin College receives
International Bank Transfer in British Pounds (GBP),"£7,845.00",Bulgaria,Calvin College receives
International Bank Transfer in Euros (EUR),"8.842,00 €",Bulgaria,Calvin College receives
American Express in EUR,"8.928,00 €",Bulgaria,Calvin College receives
International Bank Transfer in US Dollars (USD),"$10,000.00",Burkina Faso,Calvin College receives
International Bank Transfer in US Dollars (USD),"$10,000.00",Burundi,Calvin College receives
International Bank Transfer in US Dollars (USD),"$10,000.00",Cambodia,Calvin College receives
MasterCard: Debit/Credit in XAF,"5,946,400.00 Fr",Cameroon,Calvin College receives
VISA: Debit/Credit in XAF,"5,946,400.00 Fr",Cameroon,Calvin College receives
International Bank Transfer in US Dollars (USD),"$10,000.00",Cameroon,Calvin College receives
Visa in CAD,"$13,866.00",Canada,Calvin College receives
Online Bill Pay,"$13,567.00",Canada,Calvin College receives
Bank Transfer in Canadian Dollars,"$13,567.00",Canada,Calvin College receives
American Express in CAD,"$13,866.00",Canada,Calvin College receives
MasterCard: Debit/Credit in CAD,"$13,866.00",Canada,Calvin College receives
PayPal in CAD,"$13,779.00",Canada,Calvin College receives
,,Canada,Calvin College receives
International Bank Transfer in US Dollars (USD),"$10,000.00",Cape Verde,Calvin College receives
International Bank Transfer in US Dollars (USD),"$10,000.00",Cayman Islands,Calvin College receives
Visa: Debit/Credit in KYD,"CI$8,641.00",Cayman Islands,Calvin College receives
Mastercard: Debit/Credit in KYD,"CI$8,641.00",Cayman Islands,Calvin College receives
International Bank Transfer in US Dollars (USD),"$10,000.00",Central African Republic,Calvin College receives
International Bank Transfer in US Dollars (USD),"$10,000.00",Chad,Calvin College receives
MasterCard: Debit/Credit in GBP,"£7,923.00",British Indian Ocean Territory,Calvin College receives
VISA: Debit/Credit in GBP,"£7,923.00",British Indian Ocean Territory,Calvin College receives
International Bank Transfer in US Dollars (USD),"$10,000.00",British Indian Ocean Territory,Calvin College receives
MasterCard: Debit/Credit in CLP,$6.828.000,Chile,Calvin College receives
VISA: Debit/Credit in CLP,$6.828.000,Chile,Calvin College receives
International Bank Transfer in US Dollars (USD),"$10,000.00",Chile,Calvin College receives
?????????? Domestic RMB Transfer ????????????,"CNY67,301.00",China,Calvin College receives
??? - (Alipay.com),"CNY67,301.00",China,Calvin College receives
??? – (UnionPay),"CNY67,301.00",China,Calvin College receives
???? - (eBanking.),"CNY67,638.00",China,Calvin College receives
VISA in RMB,"CNY69,851.00",China,Calvin College receives
MasterCard in RMB,"CNY69,851.00",China,Calvin College receives
,,China,Calvin College receives
MasterCard: Debit/Credit in AUD,"A$14,200.00",Christmas Island,Calvin College receives
VISA: Debit/Credit in AUD,"A$14,200.00",Christmas Island,Calvin College receives
International Bank Transfer in US Dollars (USD),"$10,000.00",Christmas Island,Calvin College receives
International Bank Transfer in New Zealand Dollar (NZD),"$15,072.00",Christmas Island,Calvin College receives
MasterCard: Debit/Credit in AUD,"A$14,200.00",Cocos (Keeling) Islands,Calvin College receives
VISA: Debit/Credit in AUD,"A$14,200.00",Cocos (Keeling) Islands,Calvin College receives
International Bank Transfer in US Dollars (USD),"$10,000.00",Cocos (Keeling) Islands,Calvin College receives
International Bank Transfer in New Zealand Dollar (NZD),"$15,072.00",Cocos (Keeling) Islands,Calvin College receives
Debit/Credit Card in COP,"COL$31.085.000,00",Colombia,Calvin College receives
International Bank Transfer in US Dollars (USD),"$10,000.00",Colombia,Calvin College receives
International Bank Transfer in US Dollars (USD),"$10,000.00",Comoros,Calvin College receives
International Bank Transfer in South African Rand (ZAR),"R141,302.00",Comoros,Calvin College receives
International Bank Transfer in US Dollars (USD),"$10,000.00",Congo,Calvin College receives
International Bank Transfer in South African Rand (ZAR),"R141,274.00",Congo,Calvin College receives
VISA: Debit/Credit in XAF,"5,944,700.00 Fr",Congo,Calvin College receives
MasterCard: Debit/Credit in XAF,"5,944,700.00 Fr",Congo,Calvin College receives
International Bank Transfer in US Dollars (USD),"$10,000.00","Congo, the Democratic Republic of the",Calvin College receives
International Bank Transfer in South African Rand (ZAR),"R141,231.00","Congo, the Democratic Republic of the",Calvin College receives
International Bank Transfer in New Zealand Dollar (NZD),"$15,074.00",Cook Islands,Calvin College receives
MasterCard: Debit/Credit in NZD,"$15,496.00",Cook Islands,Calvin College receives
VISA: Debit/Credit in NZD,"$15,496.00",Cook Islands,Calvin College receives
,,Cook Islands,Calvin College receives
MasterCard: Debit/Credit in CRC,"?6.067.800,00",Costa Rica,Calvin College receives
VISA: Debit/Credit in CRC,"?6.067.800,00",Costa Rica,Calvin College receives
International Bank Transfer in US Dollars (USD),"$10,000.00",Costa Rica,Calvin College receives
International Bank Transfer in US Dollars (USD),"$10,000.00",Côte d'Ivoire,Calvin College receives
MasterCard,"kn66.893,00",Croatia,Calvin College receives
Bank Transfer in Croatian Kuna (HRK),"kn65.614,00",Croatia,Calvin College receives
VISA,"kn66.893,00",Croatia,Calvin College receives
Online Bank Transfer,"kn65.614,00",Croatia,Calvin College receives
,,Croatia,Calvin College receives
,,Croatia,Calvin College receives
,,Croatia,Calvin College receives
,,Croatia,Calvin College receives
VISA: Debit/Credit in ANG,"18,871.00 NAƒ",Curaçao,Calvin College receives
MasterCard: Debit/Credit in ANG,"18,871.00 NAƒ",Curaçao,Calvin College receives
International Bank Transfer in US Dollars (USD),"$10,000.00",Curaçao,Calvin College receives
Domestic Bank Transfer in Euros (EUR),"8.844,00 €",Cyprus,Calvin College receives
VISA: Debit/Credit in EUR,"8.929,00 €",Cyprus,Calvin College receives
MasterCard: Debit/Credit in EUR,"8.929,00 €",Cyprus,Calvin College receives
American Express in EUR,"8.929,00 €",Cyprus,Calvin College receives
PayPal in EUR,"9.015,00 €",Cyprus,Calvin College receives
Online Bank Transfer,"8.844,00 €",Cyprus,Calvin College receives
,,Cyprus,Calvin College receives
Bank Transfer from a Czech Koruna (CZK) Account,"K?229.778,00",Czech Republic,Calvin College receives
MasterCard: Debit/Credit in CZK,"K?234.863,00",Czech Republic,Calvin College receives
VISA: Debit/Credit in CZK,"K?234.863,00",Czech Republic,Calvin College receives
Online Bank Transfer,"K?229.778,00",Czech Republic,Calvin College receives
,,Czech Republic,Calvin College receives
,,Czech Republic,Calvin College receives
,,Czech Republic,Calvin College receives
,,Czech Republic,Calvin College receives
Domestic Bank Transfer in Danish Krone (DKK),"65.903,00 kr",Denmark,Calvin College receives
MasterCard: Debit/Credit in DKK,"66.539,00 kr",Denmark,Calvin College receives
VISA: Debit/Credit in DKK,"66.539,00 kr",Denmark,Calvin College receives
Online Bank Transfer,"65.903,00 kr",Denmark,Calvin College receives
,,Denmark,Calvin College receives
,,Denmark,Calvin College receives
VISA: Debit/Credit in DJF,"1,874,500.00 Fdj",Djibouti,Calvin College receives
MasterCard: Debit/Credit in DJF,"1,874,500.00 Fdj",Djibouti,Calvin College receives
International Bank Transfer in US Dollars (USD),"$10,000.00",Djibouti,Calvin College receives
MasterCard: Debit/Credit in XCD,"$28,500.00",Dominica,Calvin College receives
VISA: Debit/Credit in XCD,"$28,500.00",Dominica,Calvin College receives
International Bank Transfer in US Dollars (USD),"$10,000.00",Dominica,Calvin College receives
MasterCard: Debit/Credit in DOP,"$524,100.00",Dominican Republic,Calvin College receives
VISA: Debit/Credit in DOP,"$524,100.00",Dominican Republic,Calvin College receives
International Bank Transfer in US Dollars (USD),"$10,000.00",Dominican Republic,Calvin College receives
International Bank Transfer in US Dollars (USD),"$10,000.00",Ecuador,Calvin College receives
,,Ecuador,Calvin College receives
MasterCard: Debit/Credit in EGP,"?.?188,536.00",Egypt,Calvin College receives
VISA: Debit/Credit in EGP,"?.?188,536.00",Egypt,Calvin College receives
International Bank Transfer in Euros (EUR),"8.843,00 €",Egypt,Calvin College receives
International Bank Transfer in US Dollars (USD),"$10,000.00",Egypt,Calvin College receives
International Bank Transfer in US Dollars (USD),"$10,000.00",El Salvador,Calvin College receives
,,El Salvador,Calvin College receives
International Bank Transfer in US Dollars (USD),"$10,000.00",Equatorial Guinea,Calvin College receives
International Bank Transfer in Euros (EUR),"8.842,00 €",Equatorial Guinea,Calvin College receives
VISA: Debit/Credit in ERN,"158,070.00 Nfk",Eritrea,Calvin College receives
MasterCard: Debit/Credit in ERN,"158,070.00 Nfk",Eritrea,Calvin College receives
International Bank Transfer in US Dollars (USD),"$10,000.00",Eritrea,Calvin College receives
Domestic Bank Transfer in Euros (EUR),"8.839,00 €",Estonia,Calvin College receives
VISA: Debit/Credit in EUR,"8.924,00 €",Estonia,Calvin College receives
MasterCard: Debit/Credit in EUR,"8.924,00 €",Estonia,Calvin College receives
American Express in EUR,"8.924,00 €",Estonia,Calvin College receives
PayPal in EUR,"9.010,00 €",Estonia,Calvin College receives
Online Bank Transfer,"8.839,00 €",Estonia,Calvin College receives
,,Estonia,Calvin College receives
International Bank Transfer in US Dollars (USD),"$10,000.00",Ethiopia,Calvin College receives
Mastercard: Debit/Credit in ETB,"290,715.00 Br",Ethiopia,Calvin College receives
VISA: Debit/Credit in ETB,"290,715.00 Br",Ethiopia,Calvin College receives
American Express in GBP,"£7,919.00",Falkland Islands (Malvinas),Calvin College receives
MasterCard: Debit/Credit in GBP,"£7,919.00",Falkland Islands (Malvinas),Calvin College receives
VISA: Debit/Credit in GBP,"£7,919.00",Falkland Islands (Malvinas),Calvin College receives
International Bank Transfer in US Dollars (USD),"$10,000.00",Falkland Islands (Malvinas),Calvin College receives
MasterCard: Debit/Credit in DKK,"66.511,00 kr",Faroe Islands,Calvin College receives
VISA: Debit/Credit in DKK,"66.511,00 kr",Faroe Islands,Calvin College receives
International Bank Transfer in US Dollars (USD),"$10,000.00",Faroe Islands,Calvin College receives
VISA: Debit/Credit in FJD,"22,146.00 $",Fiji,Calvin College receives
MasterCard: Debit/Credit in FJD,"22,146.00 $",Fiji,Calvin College receives
International Bank Transfer in US Dollars (USD),"$10,000.00",Fiji,Calvin College receives
Domestic Bank Transfer in Euros (EUR),"8.842,00 €",Finland,Calvin College receives
VISA: Debit/Credit in EUR,"8.927,00 €",Finland,Calvin College receives
MasterCard: Debit/Credit in EUR,"8.927,00 €",Finland,Calvin College receives
American Express in EUR,"8.927,00 €",Finland,Calvin College receives
PayPal in EUR,"9.013,00 €",Finland,Calvin College receives
Online Bank Transfer,"8.842,00 €",Finland,Calvin College receives
,,Finland,Calvin College receives
Domestic Bank Transfer in Euros (EUR),"8.842,00 €",France,Calvin College receives
VISA: Debit/Credit in EUR,"8.927,00 €",France,Calvin College receives
MasterCard: Debit/Credit in EUR,"8.927,00 €",France,Calvin College receives
American Express in EUR,"8.927,00 €",France,Calvin College receives
PayPal in EUR,"9.013,00 €",France,Calvin College receives
,,France,Calvin College receives
Domestic Bank Transfer in Euros (EUR),"8.841,00 €",French Guiana,Calvin College receives
,,French Guiana,Calvin College receives
MasterCard: Debit/Credit in XPF,"1,081,006.00 Fr",French Polynesia,Calvin College receives
VISA: Debit/Credit in XPF,"1,081,006.00 Fr",French Polynesia,Calvin College receives
International Bank Transfer in US Dollars (USD),"$10,000.00",French Polynesia,Calvin College receives
International Bank Transfer in Euros (EUR),"8.840,00 €",French Polynesia,Calvin College receives
International Bank Transfer in New Zealand Dollar (NZD),"$15,069.00",French Polynesia,Calvin College receives
International Bank Transfer in US Dollars (USD),"$10,000.00",French Southern Territories,Calvin College receives
International Bank Transfer in US Dollars (USD),"$10,000.00",Gabon,Calvin College receives
VISA: Debit/Credit in GMD,"496,670.00 D",Gambia,Calvin College receives
MasterCard: Debit/Credit in GMD,"496,670.00 D",Gambia,Calvin College receives
International Bank Transfer in US Dollars (USD),"$10,000.00",Gambia,Calvin College receives
VISA,"25,858.00 ?",Georgia,Calvin College receives
MasterCard,"25,858.00 ?",Georgia,Calvin College receives
International Bank Transfer in Euros (EUR),"8.842,00 €",Georgia,Calvin College receives
International Bank Transfer in US Dollars (USD),"$10,000.00",Georgia,Calvin College receives
VISA: Debit/Credit in EUR,"8.927,00 €",Germany,Calvin College receives
MasterCard: Debit/Credit in EUR,"8.927,00 €",Germany,Calvin College receives
Online Bank Transfer,"8.842,00 €",Germany,Calvin College receives
Domestic Bank Transfer in Euros (EUR),"8.842,00 €",Germany,Calvin College receives
American Express in EUR,"8.927,00 €",Germany,Calvin College receives
PayPal in EUR,"9.013,00 €",Germany,Calvin College receives
,,Germany,Calvin College receives
MasterCard: Debit/Credit in GHS,"GH?50,307.00",Ghana,Calvin College receives
VISA: Debit/Credit in GHS,"GH?50,307.00",Ghana,Calvin College receives
International Bank Transfer in US Dollars (USD),"$10,000.00",Ghana,Calvin College receives
American Express in GBP,"£7,918.00",Gibraltar,Calvin College receives
MasterCard: Debit/Credit in GBP,"£7,918.00",Gibraltar,Calvin College receives
VISA: Debit/Credit in GBP,"£7,918.00",Gibraltar,Calvin College receives
International Bank Transfer in Euros (EUR),"8.841,00 €",Gibraltar,Calvin College receives
International Bank Transfer in US Dollars (USD),"$10,000.00",Gibraltar,Calvin College receives
Domestic Bank Transfer in Euros (EUR),"8.841,00 €",Greece,Calvin College receives
VISA: Debit/Credit in EUR,"8.926,00 €",Greece,Calvin College receives
MasterCard: Debit/Credit in EUR,"8.926,00 €",Greece,Calvin College receives
American Express in EUR,"8.926,00 €",Greece,Calvin College receives
PayPal in EUR,"9.012,00 €",Greece,Calvin College receives
,,Greece,Calvin College receives
MasterCard: Debit/Credit in DKK,"66.514,00 kr",Greenland,Calvin College receives
VISA: Debit/Credit in DKK,"66.514,00 kr",Greenland,Calvin College receives
International Bank Transfer in US Dollars (USD),"$10,000.00",Greenland,Calvin College receives
MasterCard: Debit/Credit in XCD,"$28,500.00",Grenada,Calvin College receives
VISA: Debit/Credit in XCD,"$28,500.00",Grenada,Calvin College receives
International Bank Transfer in US Dollars (USD),"$10,000.00",Grenada,Calvin College receives
International Bank Transfer in Euros (EUR),"8.838,00 €",Guadeloupe,Calvin College receives
,,Guadeloupe,Calvin College receives
International Bank Transfer in US Dollars (USD),"$10,000.00",Guam,Calvin College receives
International Bank Transfer in US Dollars (USD),"$10,000.00",Guatemala,Calvin College receives
American Express in GBP,"£7,918.00",Guernsey,Calvin College receives
MasterCard: Debit/Credit in GBP,"£7,918.00",Guernsey,Calvin College receives
VISA: Debit/Credit in GBP,"£7,918.00",Guernsey,Calvin College receives
International Bank Transfer in British Pounds (GBP),"£7,842.00",Guernsey,Calvin College receives
,,Guernsey,Calvin College receives
International Bank Transfer in US Dollars (USD),"$10,000.00",Guinea,Calvin College receives
International Bank Transfer in US Dollars (USD),"$10,000.00",Guinea-Bissau,Calvin College receives
International Bank Transfer in US Dollars (USD),"$10,000.00",Guyana,Calvin College receives
VISA: Debit/Credit in GYD,"2,203,230.00 G$",Guyana,Calvin College receives
Mastercard: Debit/Credit in GYD,"2,203,230.00 G$",Guyana,Calvin College receives
MasterCard: Debit/Credit in HTG,"701,000.00 G",Haiti,Calvin College receives
Visa: Debit/Credit in HTG,"701,000.00 G",Haiti,Calvin College receives
International Bank Transfer in US Dollars (USD),"$10,000.00",Haiti,Calvin College receives
MasterCard: Debit/Credit in AUD,"A$14,190.00",Heard Island and McDonald Islands,Calvin College receives
VISA: Debit/Credit in AUD,"A$14,190.00",Heard Island and McDonald Islands,Calvin College receives
International Bank Transfer in US Dollars (USD),"$10,000.00",Heard Island and McDonald Islands,Calvin College receives
MasterCard: Debit/Credit in HNL,"L252,800.00",Honduras,Calvin College receives
VISA: Debit/Credit in HNL,"L252,800.00",Honduras,Calvin College receives
International Bank Transfer in US Dollars (USD),"$10,000.00",Honduras,Calvin College receives
Domestic Bank Transfer in Hong Kong Dollars (HKD),"HK$79,630.00",Hong Kong,Calvin College receives
MasterCard: Debit/Credit in HKD,"HK$81,920.00",Hong Kong,Calvin College receives
VISA: Debit/Credit in HKD,"HK$81,920.00",Hong Kong,Calvin College receives
American Express in HKD,"HK$81,920.00",Hong Kong,Calvin College receives
,,Hong Kong,Calvin College receives
Bank Transfer from a Hungarian Forint (HUF) Account,"2.918.171,00 Ft",Hungary,Calvin College receives
MasterCard: Debit/Credit in HUF,"2.975.058,00 Ft",Hungary,Calvin College receives
VISA: Debit/Credit in HUF,"2.975.058,00 Ft",Hungary,Calvin College receives
Online Bank Transfer,"2.918.171,00 Ft",Hungary,Calvin College receives
,,Hungary,Calvin College receives
,,Hungary,Calvin College receives
,,Hungary,Calvin College receives
,,Hungary,Calvin College receives
,,Hungary,Calvin College receives
,,Hungary,Calvin College receives
MasterCard: Debit/Credit in ISK,"kr1.125.100,00",Iceland,Calvin College receives
VISA: Debit/Credit in ISK,"kr1.125.100,00",Iceland,Calvin College receives
International Bank Transfer in US Dollars (USD),"$10,000.00",Iceland,Calvin College receives
Domestic Bank Transfer in Indian Rupees,"?697,155.00",India,Calvin College receives
MasterCard: Debit/Credit in INR,"?721,692.00",India,Calvin College receives
VISA: Debit/Credit in INR,"?721,692.00",India,Calvin College receives
,,India,Calvin College receives
MasterCard: Debit/Credit in IDR,"Rp150.730.000,00",Indonesia,Calvin College receives
VISA: Debit/Credit in IDR,"Rp150.730.000,00",Indonesia,Calvin College receives
International Bank Transfer in US Dollars (USD),"$10,000.00",Indonesia,Calvin College receives
International Bank Transfer in Euros (EUR),"8.842,00 €",Indonesia,Calvin College receives
International Bank Transfer in British Pounds (GBP),"£7,843.00",Indonesia,Calvin College receives
International Bank Transfer in US Dollars (USD),"$10,000.00",Iraq,Calvin College receives
Domestic Bank Transfer in Euros (EUR),"8.843,00 €",Ireland,Calvin College receives
VISA: Debit/Credit in EUR,"8.929,00 €",Ireland,Calvin College receives
MasterCard: Debit/Credit in EUR,"8.929,00 €",Ireland,Calvin College receives
American Express in EUR,"8.929,00 €",Ireland,Calvin College receives
PayPal in EUR,"9.015,00 €",Ireland,Calvin College receives
Online Bank Transfer,"8.843,00 €",Ireland,Calvin College receives
,,Ireland,Calvin College receives
American Express in GBP,"£7,918.00",Isle of Man,Calvin College receives
MasterCard: Debit/Credit in GBP,"£7,918.00",Isle of Man,Calvin College receives
VISA: Debit/Credit in GBP,"£7,918.00",Isle of Man,Calvin College receives
International Bank Transfer in British Pounds (GBP),"£7,842.00",Isle of Man,Calvin College receives
,,Isle of Man,Calvin College receives
Bank Transfer in Israeli Shekels (ILS),"?37,487.00",Israel,Calvin College receives
MasterCard: Debit/Credit in ILS,"?38,474.00",Israel,Calvin College receives
VISA: Debit/Credit in ILS,"?38,474.00",Israel,Calvin College receives
,,Israel,Calvin College receives
,,Israel,Calvin College receives
,,Israel,Calvin College receives
Domestic Bank Transfer in Euros (EUR),"8.842,00 €",Italy,Calvin College receives
VISA: Debit/Credit in EUR,"8.928,00 €",Italy,Calvin College receives
MasterCard: Debit/Credit in EUR,"8.928,00 €",Italy,Calvin College receives
American Express in EUR,"8.928,00 €",Italy,Calvin College receives
PayPal in EUR,"9.014,00 €",Italy,Calvin College receives
Online Bank Transfer,"8.842,00 €",Italy,Calvin College receives
,,Italy,Calvin College receives
MasterCard: Debit/Credit in JMD,"J$1,376,000.00",Jamaica,Calvin College receives
VISA: Debit/Credit in JMD,"J$1,376,000.00",Jamaica,Calvin College receives
International Bank Transfer in US Dollars (USD),"$10,000.00",Jamaica,Calvin College receives
Bank Transfer in Japanese Yen (JPY),"¥1,137,200",Japan,Calvin College receives
MasterCard: Debit/Credit in JPY,"¥1,165,300",Japan,Calvin College receives
VISA: Debit/Credit in JPY,"¥1,165,300",Japan,Calvin College receives
American Express in JPY,"¥1,165,300",Japan,Calvin College receives
,,Japan,Calvin College receives
,,Japan,Calvin College receives
American Express in GBP,"£7,915.00",Jersey,Calvin College receives
MasterCard: Debit/Credit in GBP,"£7,915.00",Jersey,Calvin College receives
VISA: Debit/Credit in GBP,"£7,915.00",Jersey,Calvin College receives
International Bank Transfer in British Pounds (GBP),"£7,840.00",Jersey,Calvin College receives
,,Jersey,Calvin College receives
MasterCard: Debit/Credit in JOD,"?.?7,472.00",Jordan,Calvin College receives
VISA: Debit/Credit in JOD,"?.?7,472.00",Jordan,Calvin College receives
International Bank Transfer in US Dollars (USD),"$10,000.00",Jordan,Calvin College receives
MasterCard: Debit/Credit in KZT,"3,599,600.00 KZT",Kazakhstan,Calvin College receives
VISA: Debit/Credit in KZT,"3,599,600.00 KZT",Kazakhstan,Calvin College receives
International Bank Transfer in US Dollars (USD),"$10,000.00",Kazakhstan,Calvin College receives
MasterCard: Debit/Credit in KES,"KSh1,063,639.00",Kenya,Calvin College receives
VISA: Debit/Credit in KES,"KSh1,063,639.00",Kenya,Calvin College receives
International Bank Transfer in US Dollars (USD),"$10,000.00",Kenya,Calvin College receives
International Bank Transfer in Euros (EUR),"8.843,00 €",Kenya,Calvin College receives
MasterCard: Debit/Credit in AUD,"A$14,190.00",Kiribati,Calvin College receives
VISA: Debit/Credit in AUD,"A$14,190.00",Kiribati,Calvin College receives
International Bank Transfer in US Dollars (USD),"$10,000.00",Kiribati,Calvin College receives
International Bank Transfer in New Zealand Dollar (NZD),"$15,072.00",Kiribati,Calvin College receives
Domestic Bank Transfer in South Korean Won,"?11,369,000.00","Korea, Republic of",Calvin College receives
MasterCard: Debit/Credit in KRW,"?11,765,000.00","Korea, Republic of",Calvin College receives
VISA: Debit/Credit in KRW,"?11,765,000.00","Korea, Republic of",Calvin College receives
,,"Korea, Republic of",Calvin College receives
,,"Korea, Republic of",Calvin College receives
,,"Korea, Republic of",Calvin College receives
MasterCard: Debit/Credit in KWD,"?.?3,194.000",Kuwait,Calvin College receives
VISA: Debit/Credit in KWD,"?.?3,194.000",Kuwait,Calvin College receives
International Bank Transfer in US Dollars (USD),"$10,000.00",Kuwait,Calvin College receives
International Bank Transfer in US Dollars (USD),"$10,000.00",Kyrgyzstan,Calvin College receives
International Bank Transfer in US Dollars (USD),"$10,000.00",Lao People's Democratic Republic,Calvin College receives
International Bank Transfer in Euros (EUR),"8.844,00 €",Latvia,Calvin College receives
VISA: Debit/Credit in EUR,"8.930,00 €",Latvia,Calvin College receives
MasterCard: Debit/Credit in EUR,"8.930,00 €",Latvia,Calvin College receives
American Express in EUR,"8.930,00 €",Latvia,Calvin College receives
PayPal in EUR,"9.016,00 €",Latvia,Calvin College receives
Online Bank Transfer,"8.844,00 €",Latvia,Calvin College receives
,,Latvia,Calvin College receives
International Bank Transfer in US Dollars (USD),"$10,000.00",Lebanon,Calvin College receives
MasterCard,"144,600.00 L",Lesotho,Calvin College receives
VISA,"144,600.00 L",Lesotho,Calvin College receives
MasterCard: Debit/Credit in ZAR,"R143,816.00",Lesotho,Calvin College receives
VISA: Debit/Credit in ZAR,"R143,816.00",Lesotho,Calvin College receives
International Bank Transfer in US Dollars (USD),"$10,000.00",Lesotho,Calvin College receives
International Bank Transfer in US Dollars (USD),"$10,000.00",Liberia,Calvin College receives
International Bank Transfer in US Dollars (USD),"$10,000.00",Libyan Arab Jamahiriya,Calvin College receives
MasterCard: Debit/Credit in CHF,"Fr10,428.00",Liechtenstein,Calvin College receives
VISA: Debit/Credit in CHF,"Fr10,428.00",Liechtenstein,Calvin College receives
International Bank Transfer in US Dollars (USD),"$10,000.00",Liechtenstein,Calvin College receives
Domestic Bank Transfer in Euros (EUR),"8.844,00 €",Lithuania,Calvin College receives
American Express in EUR,"8.930,00 €",Lithuania,Calvin College receives
PayPal in EUR,"9.016,00 €",Lithuania,Calvin College receives
Online Bank Transfer,"8.844,00 €",Lithuania,Calvin College receives
,,Lithuania,Calvin College receives
,,Lithuania,Calvin College receives
Domestic Bank Transfer in Euros (EUR),"8.844,00 €",Luxembourg,Calvin College receives
VISA: Debit/Credit in EUR,"8.929,00 €",Luxembourg,Calvin College receives
MasterCard: Debit/Credit in EUR,"8.929,00 €",Luxembourg,Calvin College receives
American Express in EUR,"8.929,00 €",Luxembourg,Calvin College receives
PayPal in EUR,"9.015,00 €",Luxembourg,Calvin College receives
,,Luxembourg,Calvin College receives
International Bank Transfer in US Dollars (USD),"$10,000.00",Macao,Calvin College receives
MasterCard: Debit/Credit in MOP,"85,183.00 MOP$",Macao,Calvin College receives
VISA: Debit/Credit in MOP,"85,183.00 MOP$",Macao,Calvin College receives
VISA: Debit/Credit in MKD,"557,250.00 ???","Macedonia, the former Yugoslav Republic of",Calvin College receives
MasterCard: Debit/Credit in MKD,"557,250.00 ???","Macedonia, the former Yugoslav Republic of",Calvin College receives
International Bank Transfer in US Dollars (USD),"$10,000.00","Macedonia, the former Yugoslav Republic of",Calvin College receives
International Bank Transfer in US Dollars (USD),"$10,000.00",Madagascar,Calvin College receives
International Bank Transfer in US Dollars (USD),"$10,000.00",Malawi,Calvin College receives
Domestic Bank Transfer in Malaysian Ringgit (MYR),"RM41,210.00",Malaysia,Calvin College receives
MasterCard: Debit/Credit in MYR,"RM42,560.00",Malaysia,Calvin College receives
VISA: Debit/Credit in MYR,"RM42,560.00",Malaysia,Calvin College receives
,,Malaysia,Calvin College receives
,,Malaysia,Calvin College receives
,,Malaysia,Calvin College receives
VISA: Debit/Credit in MVR,"162,540.00 Rf",Maldives,Calvin College receives
MasterCard: Debit/Credit in MVR,"162,540.00 Rf",Maldives,Calvin College receives
International Bank Transfer in US Dollars (USD),"$10,000.00",Maldives,Calvin College receives
International Bank Transfer in US Dollars (USD),"$10,000.00",Mali,Calvin College receives
Domestic Bank Transfer in Euros (EUR),"8.837,00 €",Malta,Calvin College receives
VISA: Debit/Credit in EUR,"8.923,00 €",Malta,Calvin College receives
MasterCard: Debit/Credit in EUR,"8.923,00 €",Malta,Calvin College receives
American Express in EUR,"8.923,00 €",Malta,Calvin College receives
PayPal in EUR,"9.009,00 €",Malta,Calvin College receives
Online Bank Transfer,"8.837,00 €",Malta,Calvin College receives
,,Malta,Calvin College receives
International Bank Transfer in US Dollars (USD),"$10,000.00",Marshall Islands,Calvin College receives
International Bank Transfer in Euros (EUR),"8.838,00 €",Martinique,Calvin College receives
,,Martinique,Calvin College receives
MasterCard: Debit/Credit in MRO,"3,751,400.0 UM",Mauritania,Calvin College receives
VISA: Debit/Credit in MRO,"3,751,400.0 UM",Mauritania,Calvin College receives
International Bank Transfer in US Dollars (USD),"$10,000.00",Mauritania,Calvin College receives
Bank Transfer in Mauritian Rupee (MUR),"?354,919.00",Mauritius,Calvin College receives
MasterCard: Debit/Credit in MUR,"?366,513.00",Mauritius,Calvin College receives
VISA: Debit/Credit in MUR,"?366,513.00",Mauritius,Calvin College receives
,,Mauritius,Calvin College receives
,,Mauritius,Calvin College receives
International Bank Transfer in US Dollars (USD),"$10,000.00",Mayotte,Calvin College receives
Domestic Bank Transfer in Mexican Pesos (MXN),"$204,190.00",Mexico,Calvin College receives
MasterCard: Debit/Credit in MXN,"$207,633.00",Mexico,Calvin College receives
VISA: Debit/Credit in MXN,"$207,633.00",Mexico,Calvin College receives
,,Mexico,Calvin College receives
International Bank Transfer in US Dollars (USD),"$10,000.00","Micronesia, Federated States of",Calvin College receives
International Bank Transfer in US Dollars (USD),"$10,000.00","Moldova, Republic of",Calvin College receives
Domestic Bank Transfer in Euros (EUR),"8.842,00 €",Monaco,Calvin College receives
VISA: Debit/Credit in EUR,"8.928,00 €",Monaco,Calvin College receives
MasterCard: Debit/Credit in EUR,"8.928,00 €",Monaco,Calvin College receives
American Express in EUR,"8.928,00 €",Monaco,Calvin College receives
PayPal in EUR,"9.014,00 €",Monaco,Calvin College receives
,,Monaco,Calvin College receives
International Bank Transfer in US Dollars (USD),"$10,000.00",Mongolia,Calvin College receives
Domestic Bank Transfer in Euros (EUR),"8.841,00 €",Montenegro,Calvin College receives
VISA: Debit/Credit in EUR,"8.927,00 €",Montenegro,Calvin College receives
MasterCard: Debit/Credit in EUR,"8.927,00 €",Montenegro,Calvin College receives
American Express in EUR,"8.927,00 €",Montenegro,Calvin College receives
PayPal in EUR,"9.013,00 €",Montenegro,Calvin College receives
,,Montenegro,Calvin College receives
MasterCard: Debit/Credit in XCD,"$28,500.00",Montserrat,Calvin College receives
VISA: Debit/Credit in XCD,"$28,500.00",Montserrat,Calvin College receives
International Bank Transfer in US Dollars (USD),"$10,000.00",Montserrat,Calvin College receives
MasterCard: Debit/Credit in MAD,"100,244.00 ?.?.",Morocco,Calvin College receives
VISA: Debit/Credit in MAD,"100,244.00 ?.?.",Morocco,Calvin College receives
International Bank Transfer in US Dollars (USD),"$10,000.00",Morocco,Calvin College receives
International Bank Transfer in US Dollars (USD),"$10,000.00",Mozambique,Calvin College receives
International Bank Transfer in US Dollars (USD),"$10,000.00",Myanmar,Calvin College receives
MasterCard: Debit/Credit in ZAR,"R143,968.00",Namibia,Calvin College receives
VISA: Debit/Credit in ZAR,"R143,968.00",Namibia,Calvin College receives
International Bank Transfer in US Dollars (USD),"$10,000.00",Namibia,Calvin College receives
International Bank Transfer in South African Rand (ZAR),"R141,229.00",Namibia,Calvin College receives
VISA: Debit/Credit in NAD,"144,634.00 N$",Namibia,Calvin College receives
Mastercard: Debit/Credit in NAD,"144,634.00 N$",Namibia,Calvin College receives
MasterCard: Debit/Credit in AUD,"A$14,190.00",Nauru,Calvin College receives
VISA: Debit/Credit in AUD,"A$14,190.00",Nauru,Calvin College receives
International Bank Transfer in US Dollars (USD),"$10,000.00",Nauru,Calvin College receives
MasterCard: Debit/Credit in NPR,"?1,160,980.00",Nepal,Calvin College receives
VISA: Debit/Credit in NPR,"?1,160,980.00",Nepal,Calvin College receives
International Bank Transfer in US Dollars (USD),"$10,000.00",Nepal,Calvin College receives
VISA: Debit/Credit in EUR,"8.927,00 €",Netherlands,Calvin College receives
MasterCard: Debit/Credit in EUR,"8.927,00 €",Netherlands,Calvin College receives
Online Bank Transfer,"8.842,00 €",Netherlands,Calvin College receives
Domestic Bank Transfer in Euros (EUR),"8.842,00 €",Netherlands,Calvin College receives
American Express in EUR,"8.927,00 €",Netherlands,Calvin College receives
PayPal in EUR,"9.013,00 €",Netherlands,Calvin College receives
,,Netherlands,Calvin College receives
MasterCard: Debit/Credit in XPF,"1,081,120.00 Fr",New Caledonia,Calvin College receives
VISA: Debit/Credit in XPF,"1,081,120.00 Fr",New Caledonia,Calvin College receives
International Bank Transfer in US Dollars (USD),"$10,000.00",New Caledonia,Calvin College receives
Bank Transfer in New Zealand Dollar (NZD),"$15,233.00",New Zealand,Calvin College receives
MasterCard: Debit/Credit in NZD,"$15,489.00",New Zealand,Calvin College receives
VISA: Debit/Credit in NZD,"$15,489.00",New Zealand,Calvin College receives
,,New Zealand,Calvin College receives
,,New Zealand,Calvin College receives
VISA: Debit/Credit in NIO,"334,700.00 C$",Nicaragua,Calvin College receives
MasterCard: Debit/Credit in NIO,"334,700.00 C$",Nicaragua,Calvin College receives
International Bank Transfer in US Dollars (USD),"$10,000.00",Nicaragua,Calvin College receives
International Bank Transfer in US Dollars (USD),"$10,000.00",Niger,Calvin College receives
Online Bank Transfer in NGN,"3,851,064.00 ?",Nigeria,Calvin College receives
Debit/Credit Card in NGN,"3,851,064.00 ?",Nigeria,Calvin College receives
International Bank Transfer in US Dollars (USD),"$10,000.00",Nigeria,Calvin College receives
International Bank Transfer in Euros (EUR),"8.846,00 €",Nigeria,Calvin College receives
International Bank Transfer in New Zealand Dollar (NZD),"$15,069.00",Niue,Calvin College receives
,,Niue,Calvin College receives
MasterCard: Debit/Credit in AUD,"A$14,190.00",Norfolk Island,Calvin College receives
VISA: Debit/Credit in AUD,"A$14,190.00",Norfolk Island,Calvin College receives
International Bank Transfer in US Dollars (USD),"$10,000.00",Norfolk Island,Calvin College receives
International Bank Transfer in US Dollars (USD),"$10,000.00",Northern Mariana Islands,Calvin College receives
Domestic Bank Transfer in Norwegian Krone (NOK),"kr83.806,00",Norway,Calvin College receives
MasterCard: Debit/Credit in NOK,"kr84.615,00",Norway,Calvin College receives
VISA: Debit/Credit in NOK,"kr84.615,00",Norway,Calvin College receives
American Express in NOK,"kr84.615,00",Norway,Calvin College receives
Online Bank Transfer,"kr83.806,00",Norway,Calvin College receives
,,Norway,Calvin College receives
MasterCard: Debit/Credit in OMR,"?.?.4,052.000",Oman,Calvin College receives
VISA: Debit/Credit in OMR,"?.?.4,052.000",Oman,Calvin College receives
International Bank Transfer in US Dollars (USD),"$10,000.00",Oman,Calvin College receives
MasterCard: Debit/Credit in PKR,"?1,283,570.00",Pakistan,Calvin College receives
VISA: Debit/Credit in PKR,"?1,283,570.00",Pakistan,Calvin College receives
International Bank Transfer in US Dollars (USD),"$10,000.00",Pakistan,Calvin College receives
International Bank Transfer in US Dollars (USD),"$10,000.00",Palau,Calvin College receives
International Bank Transfer in US Dollars (USD),"$10,000.00","Palestinian Territory, Occupied",Calvin College receives
International Bank Transfer in US Dollars (USD),"$10,000.00",Panama,Calvin College receives
MasterCard: Debit/Credit in PGK,"34,377.00 K",Papua New Guinea,Calvin College receives
Visa: Debit/Credit in PGK,"34,377.00 K",Papua New Guinea,Calvin College receives
International Bank Transfer in US Dollars (USD),"$10,000.00",Papua New Guinea,Calvin College receives
International Bank Transfer in New Zealand Dollar (NZD),"$15,069.00",Papua New Guinea,Calvin College receives
MasterCard: Debit/Credit in PYG,"?59,956,800.00",Paraguay,Calvin College receives
VISA: Debit/Credit in PYG,"?59,956,800.00",Paraguay,Calvin College receives
International Bank Transfer in US Dollars (USD),"$10,000.00",Paraguay,Calvin College receives
MasterCard: Debit/Credit in PEN,"S/.34,488.00",Peru,Calvin College receives
VISA: Debit/Credit in PEN,"S/.34,488.00",Peru,Calvin College receives
International Bank Transfer in US Dollars (USD),"$10,000.00",Peru,Calvin College receives
International Bank Transfer in British Pounds (GBP),"£7,836.00",Peru,Calvin College receives
International Bank Transfer in Euros (EUR),"8.843,00 €",Peru,Calvin College receives
MasterCard: Debit/Credit in PHP,"?562,242.00",Philippines,Calvin College receives
VISA: Debit/Credit in PHP,"?562,242.00",Philippines,Calvin College receives
International Bank Transfer in US Dollars (USD),"$10,000.00",Philippines,Calvin College receives
International Bank Transfer in New Zealand Dollar (NZD),"$15,069.00",Pitcairn,Calvin College receives
,,Pitcairn,Calvin College receives
Bank Transfer from a Polish Z?oty (PLN) Account,"38,751.00 z?",Poland,Calvin College receives
MasterCard: Debit/Credit in PLN,"39,507.00 z?",Poland,Calvin College receives
VISA: Debit/Credit in PLN,"39,507.00 z?",Poland,Calvin College receives
Online Bank Transfer,"38,751.00 z?",Poland,Calvin College receives
,,Poland,Calvin College receives
,,Poland,Calvin College receives
,,Poland,Calvin College receives
Domestic Bank Transfer in Euros (EUR),"8.843,00 €",Portugal,Calvin College receives
VISA: Debit/Credit in EUR,"8.929,00 €",Portugal,Calvin College receives
MasterCard: Debit/Credit in EUR,"8.929,00 €",Portugal,Calvin College receives
American Express in EUR,"8.929,00 €",Portugal,Calvin College receives
PayPal in EUR,"9.015,00 €",Portugal,Calvin College receives
Online Bank Transfer,"8.843,00 €",Portugal,Calvin College receives
,,Portugal,Calvin College receives
International Bank Transfer in US Dollars (USD),"$10,000.00",Puerto Rico,Calvin College receives
,,Puerto Rico,Calvin College receives
Bank Transfer in Qatari Riyal (QAR),"37,449.00 ?.?",Qatar,Calvin College receives
MasterCard: Debit/Credit in QAR,"38,357.00 ?.?",Qatar,Calvin College receives
VISA: Debit/Credit in QAR,"38,357.00 ?.?",Qatar,Calvin College receives
,,Qatar,Calvin College receives
,,Qatar,Calvin College receives
International Bank Transfer in Euros (EUR),"8.841,00 €",Réunion,Calvin College receives
,,Réunion,Calvin College receives
Bank Transfer in Romanian Leu (RON),"RON41.424,00",Romania,Calvin College receives
MasterCard: Debit/Credit in RON,"RON42.231,00",Romania,Calvin College receives
VISA: Debit/Credit in RON,"RON42.231,00",Romania,Calvin College receives
Online Bank Transfer,"RON41.424,00",Romania,Calvin College receives
,,Romania,Calvin College receives
,,Romania,Calvin College receives
,,Romania,Calvin College receives
,,Romania,Calvin College receives
MasterCard: Debit/Credit in RUB,"661.664,00 ???",Russian Federation,Calvin College receives
VISA: Debit/Credit in RUB,"661.664,00 ???",Russian Federation,Calvin College receives
International Bank Transfer in US Dollars (USD),"$10,000.00",Russian Federation,Calvin College receives
International Bank Transfer in Euros (EUR),"8.843,00 €",Russian Federation,Calvin College receives
International Bank Transfer in British Pounds (GBP),"£7,838.00",Russian Federation,Calvin College receives
International Bank Transfer in US Dollars (USD),"$10,000.00",Rwanda,Calvin College receives
Domestic Bank Transfer in Euros (EUR),"8.845,00 €",Saint Barthélemy,Calvin College receives
PayPal in EUR,"9.016,00 €",Saint Barthélemy,Calvin College receives
,,Saint Barthélemy,Calvin College receives
,,Saint Barthélemy,Calvin College receives
American Express in GBP,"£7,916.00","Saint Helena, Ascension and Tristan da Cunha",Calvin College receives
MasterCard: Debit/Credit in GBP,"£7,916.00","Saint Helena, Ascension and Tristan da Cunha",Calvin College receives
VISA: Debit/Credit in GBP,"£7,916.00","Saint Helena, Ascension and Tristan da Cunha",Calvin College receives
International Bank Transfer in US Dollars (USD),"$10,000.00","Saint Helena, Ascension and Tristan da Cunha",Calvin College receives
MasterCard: Debit/Credit in XCD,"$28,500.00",Saint Kitts and Nevis,Calvin College receives
VISA: Debit/Credit in XCD,"$28,500.00",Saint Kitts and Nevis,Calvin College receives
International Bank Transfer in US Dollars (USD),"$10,000.00",Saint Kitts and Nevis,Calvin College receives
MasterCard: Debit/Credit in XCD,"$28,500.00",Saint Lucia,Calvin College receives
VISA: Debit/Credit in XCD,"$28,500.00",Saint Lucia,Calvin College receives
International Bank Transfer in US Dollars (USD),"$10,000.00",Saint Lucia,Calvin College receives
International Bank Transfer in US Dollars (USD),"$10,000.00",Saint Martin (French part),Calvin College receives
PayPal in EUR,"9.018,00 €",Saint Pierre and Miquelon,Calvin College receives
International Bank Transfer in US Dollars (USD),"$10,000.00",Saint Pierre and Miquelon,Calvin College receives
International Bank Transfer in Canadian Dollars (CAD),"$13,562.00",Saint Pierre and Miquelon,Calvin College receives
MasterCard: Debit/Credit in XCD,"$28,500.00",Saint Vincent and the Grenadines,Calvin College receives
VISA: Debit/Credit in XCD,"$28,500.00",Saint Vincent and the Grenadines,Calvin College receives
International Bank Transfer in US Dollars (USD),"$10,000.00",Saint Vincent and the Grenadines,Calvin College receives
International Bank Transfer in US Dollars (USD),"$10,000.00",Samoa,Calvin College receives
International Bank Transfer in New Zealand Dollar (NZD),"$15,073.00",Samoa,Calvin College receives
MasterCard: Debit/Credit in EUR,"8.934,00 €",San Marino,Calvin College receives
VISA: Debit/Credit in EUR,"8.934,00 €",San Marino,Calvin College receives
PayPal in EUR,"9.020,00 €",San Marino,Calvin College receives
International Bank Transfer in US Dollars (USD),"$10,000.00",San Marino,Calvin College receives
International Bank Transfer in US Dollars (USD),"$10,000.00",Sao Tome and Principe,Calvin College receives
Bank Transfer in Saudi Riyal (SAR),"?.?38,581.00",Saudi Arabia,Calvin College receives
MasterCard: Debit/Credit in SAR,"?.?39,516.00",Saudi Arabia,Calvin College receives
VISA: Debit/Credit in SAR,"?.?39,516.00",Saudi Arabia,Calvin College receives
,,Saudi Arabia,Calvin College receives
,,Saudi Arabia,Calvin College receives
International Bank Transfer in US Dollars (USD),"$10,000.00",Senegal,Calvin College receives
VISA: Debit/Credit in RSD,"???1,068,900.00",Serbia,Calvin College receives
Mastercard: Debit/Credit in RSD,"???1,068,900.00",Serbia,Calvin College receives
International Bank Transfer in Euros (EUR),"8.851,00 €",Serbia,Calvin College receives
International Bank Transfer in US Dollars (USD),"$10,000.00",Serbia,Calvin College receives
MasterCard,"142,396.00 ?",Seychelles,Calvin College receives
VISA,"142,396.00 ?",Seychelles,Calvin College receives
International Bank Transfer in US Dollars (USD),"$10,000.00",Seychelles,Calvin College receives
International Bank Transfer in US Dollars (USD),"$10,000.00",Sierra Leone,Calvin College receives
Bank Transfer in Singapore Dollar(SGD),"S$13,990.00",Singapore,Calvin College receives
MasterCard: Debit/Credit in SGD,"S$14,298.00",Singapore,Calvin College receives
American Express in SGD,"S$14,298.00",Singapore,Calvin College receives
VISA: Debit/Credit in SGD,"S$14,298.00",Singapore,Calvin College receives
,,Singapore,Calvin College receives
,,Singapore,Calvin College receives
VISA: Debit/Credit in ANG,"18,880.00 NAƒ",Sint Maarten (Dutch part),Calvin College receives
MasterCard: Debit/Credit in ANG,"18,880.00 NAƒ",Sint Maarten (Dutch part),Calvin College receives
International Bank Transfer in US Dollars (USD),"$10,000.00",Sint Maarten (Dutch part),Calvin College receives
Domestic Bank Transfer in Euros (EUR),"8.851,00 €",Slovakia,Calvin College receives
VISA: Debit/Credit in EUR,"8.937,00 €",Slovakia,Calvin College receives
MasterCard: Debit/Credit in EUR,"8.937,00 €",Slovakia,Calvin College receives
American Express in EUR,"8.937,00 €",Slovakia,Calvin College receives
PayPal in EUR,"9.023,00 €",Slovakia,Calvin College receives
Online Bank Transfer,"8.851,00 €",Slovakia,Calvin College receives
,,Slovakia,Calvin College receives
Domestic Bank Transfer in Euros (EUR),"8.850,00 €",Slovenia,Calvin College receives
VISA: Debit/Credit in EUR,"8.935,00 €",Slovenia,Calvin College receives
MasterCard: Debit/Credit in EUR,"8.935,00 €",Slovenia,Calvin College receives
American Express in EUR,"8.935,00 €",Slovenia,Calvin College receives
PayPal in EUR,"9.021,00 €",Slovenia,Calvin College receives
Online Bank Transfer,"8.850,00 €",Slovenia,Calvin College receives
,,Slovenia,Calvin College receives
International Bank Transfer in US Dollars (USD),"$10,000.00",Solomon Islands,Calvin College receives
International Bank Transfer in US Dollars (USD),"$10,000.00",Somalia,Calvin College receives
Bank Transfer in South African Rand (ZAR),"R142,366.00",South Africa,Calvin College receives
MasterCard: Debit/Credit in ZAR,"R144,007.00",South Africa,Calvin College receives
American Express in ZAR,"R144,007.00",South Africa,Calvin College receives
VISA: Debit/Credit in ZAR,"R144,007.00",South Africa,Calvin College receives
,,South Africa,Calvin College receives
,,South Africa,Calvin College receives
,,South Africa,Calvin College receives
MasterCard: Debit/Credit in GBP,"£7,918.00",South Georgia and the South Sandwich Islands,Calvin College receives
VISA: Debit/Credit in GBP,"£7,918.00",South Georgia and the South Sandwich Islands,Calvin College receives
International Bank Transfer in US Dollars (USD),"$10,000.00",South Georgia and the South Sandwich Islands,Calvin College receives
International Bank Transfer in US Dollars (USD),"$10,000.00",South Sudan,Calvin College receives
International Bank Transfer in Euros (EUR),"8.847,00 €",South Sudan,Calvin College receives
Domestic Bank Transfer in Euros (EUR),"8.846,00 €",Spain,Calvin College receives
VISA: Debit/Credit in EUR,"8.932,00 €",Spain,Calvin College receives
MasterCard: Debit/Credit in EUR,"8.932,00 €",Spain,Calvin College receives
American Express in EUR,"8.932,00 €",Spain,Calvin College receives
PayPal in EUR,"9.018,00 €",Spain,Calvin College receives
Online Bank Transfer,"8.846,00 €",Spain,Calvin College receives
,,Spain,Calvin College receives
MasterCard: Debit/Credit in LKR,"1,667,900.00 ?",Sri Lanka,Calvin College receives
VISA: Debit/Credit in LKR,"1,667,900.00 ?",Sri Lanka,Calvin College receives
International Bank Transfer in US Dollars (USD),"$10,000.00",Sri Lanka,Calvin College receives
VISA: Debit/Credit in SRD,"78,662.00 $",Suriname,Calvin College receives
MasterCard: Debit/Credit in SRD,"78,662.00 $",Suriname,Calvin College receives
International Bank Transfer in US Dollars (USD),"$10,000.00",Suriname,Calvin College receives
MasterCard: Debit/Credit in NOK,"kr84.551,00",Svalbard and Jan Mayen,Calvin College receives
VISA: Debit/Credit in NOK,"kr84.551,00",Svalbard and Jan Mayen,Calvin College receives
International Bank Transfer in Norwegian Krone (NOK),"kr82.262,00",Svalbard and Jan Mayen,Calvin College receives
,,Svalbard and Jan Mayen,Calvin College receives
MasterCard: Debit/Credit in ZAR,"R144,036.00",Swaziland,Calvin College receives
VISA: Debit/Credit in ZAR,"R144,036.00",Swaziland,Calvin College receives
International Bank Transfer in US Dollars (USD),"$10,000.00",Swaziland,Calvin College receives
VISA: Debit/Credit in SZL,"E144,772.00",Swaziland,Calvin College receives
Mastercard: Debit/Credit in SZL,"E144,772.00",Swaziland,Calvin College receives
Domestic Bank Transfer in Swedish Krona (SEK),"kr92,049.00",Sweden,Calvin College receives
MasterCard: Debit/Credit in SEK,"kr92,937.00",Sweden,Calvin College receives
VISA: Debit/Credit in SEK,"kr92,937.00",Sweden,Calvin College receives
Online Bank Transfer,"kr92,049.00",Sweden,Calvin College receives
,,Sweden,Calvin College receives
,,Sweden,Calvin College receives
Domestic Bank Transfer in Swiss Francs (CHF),"Fr10,232.00",Switzerland,Calvin College receives
MasterCard: Debit/Credit in CHF,"Fr10,430.00",Switzerland,Calvin College receives
VISA: Debit/Credit in CHF,"Fr10,430.00",Switzerland,Calvin College receives
,,Switzerland,Calvin College receives
,,Switzerland,Calvin College receives
MasterCard: Debit/Credit in TWD,"321,216.00 NT$",Taiwan,Calvin College receives
VISA: Debit/Credit in TWD,"321,216.00 NT$",Taiwan,Calvin College receives
International Bank Transfer in US Dollars (USD),"$10,000.00",Taiwan,Calvin College receives
International Bank Transfer in Euros (EUR),"8.844,00 €",Taiwan,Calvin College receives
International Bank Transfer in British Pounds (GBP),"£7,841.00",Taiwan,Calvin College receives
International Bank Transfer in US Dollars (USD),"$10,000.00",Tajikistan,Calvin College receives
International Bank Transfer in US Dollars (USD),"$10,000.00","Tanzania, United Republic of",Calvin College receives
Bank Transfer in Thai Baht (THB),"?339,752.00",Thailand,Calvin College receives
MasterCard: Debit/Credit in THB,"?349,419.00",Thailand,Calvin College receives
VISA: Debit/Credit in THB,"?349,419.00",Thailand,Calvin College receives
,,Thailand,Calvin College receives
,,Thailand,Calvin College receives
International Bank Transfer in US Dollars (USD),"$10,000.00",Timor-Leste,Calvin College receives
VISA: Debit/Credit in XAF,"5,945,900.00 Fr",Togo,Calvin College receives
MasterCard: Debit/Credit in XAF,"5,945,900.00 Fr",Togo,Calvin College receives
International Bank Transfer in US Dollars (USD),"$10,000.00",Togo,Calvin College receives
International Bank Transfer in New Zealand Dollar (NZD),"$15,074.00",Tokelau,Calvin College receives
,,Tokelau,Calvin College receives
International Bank Transfer in US Dollars (USD),"$10,000.00",Tonga,Calvin College receives
International Bank Transfer in US Dollars (USD),"$10,000.00",Trinidad and Tobago,Calvin College receives
International Bank Transfer in Canadian Dollars (CAD),"$13,561.00",Trinidad and Tobago,Calvin College receives
VISA: Debit/Credit in TTD,"71,137.00 TT$",Trinidad and Tobago,Calvin College receives
Mastercard: Debit/Credit in TTD,"71,137.00 TT$",Trinidad and Tobago,Calvin College receives
VISA: Debit/Credit in TND,"27,603.000 dt",Tunisia,Calvin College receives
MasterCard: Debit/Credit in TND,"27,603.000 dt",Tunisia,Calvin College receives
International Bank Transfer in Euros (EUR),"8.847,00 €",Tunisia,Calvin College receives
International Bank Transfer in US Dollars (USD),"$10,000.00",Tunisia,Calvin College receives
International Bank Transfer in British Pounds (GBP),"£7,842.00",Tunisia,Calvin College receives
Domestic Bank Transfer in Turkish Lira (TRY),"46,894.00 TL",Turkey,Calvin College receives
MasterCard: Debit/Credit in TRY,"48,129.00 TL",Turkey,Calvin College receives
VISA: Debit/Credit in TRY,"48,129.00 TL",Turkey,Calvin College receives
,,Turkey,Calvin College receives
,,Turkey,Calvin College receives
International Bank Transfer in US Dollars (USD),"$10,000.00",Turkmenistan,Calvin College receives
International Bank Transfer in US Dollars (USD),"$10,000.00",Turks and Caicos Islands,Calvin College receives
,,Turks and Caicos Islands,Calvin College receives
MasterCard: Debit/Credit in AUD,"A$14,190.00",Tuvalu,Calvin College receives
VISA: Debit/Credit in AUD,"A$14,190.00",Tuvalu,Calvin College receives
International Bank Transfer in New Zealand Dollar (NZD),"$15,069.00",Tuvalu,Calvin College receives
International Bank Transfer in US Dollars (USD),"$10,000.00",Tuvalu,Calvin College receives
International Bank Transfer in US Dollars (USD),"$10,000.00",Uganda,Calvin College receives
VISA: Debit/Credit in EUR,"8.931,00 €",Ukraine,Calvin College receives
MasterCard: Debit/Credit in EUR,"8.931,00 €",Ukraine,Calvin College receives
International Bank Transfer in Euros (EUR),"8.846,00 €",Ukraine,Calvin College receives
International Bank Transfer in US Dollars (USD),"$10,000.00",Ukraine,Calvin College receives
Bank Transfer in Emirati Dirham (AED),"?.?37,399.00",United Arab Emirates,Calvin College receives
MasterCard: Debit/Credit in AED,"?.?38,699.00",United Arab Emirates,Calvin College receives
American Express in AED,"?.?38,699.00",United Arab Emirates,Calvin College receives
VISA: Debit/Credit in AED,"?.?38,699.00",United Arab Emirates,Calvin College receives
,,United Arab Emirates,Calvin College receives
,,United Arab Emirates,Calvin College receives
Domestic Bank Transfer in British Pounds (GBP),"£7,839.00",United Kingdom,Calvin College receives
American Express in GBP,"£7,914.00",United Kingdom,Calvin College receives
MasterCard: Debit/Credit in GBP,"£7,914.00",United Kingdom,Calvin College receives
VISA: Debit/Credit in GBP,"£7,914.00",United Kingdom,Calvin College receives
PayPal in GBP,"£7,991.00",United Kingdom,Calvin College receives
Online Bank Transfer,"£7,839.00",United Kingdom,Calvin College receives
,,United Kingdom,Calvin College receives
,,United Kingdom,Calvin College receives
MasterCard: Debit/Credit in UYU,"$330.300,00",Uruguay,Calvin College receives
VISA: Debit/Credit in UYU,"$330.300,00",Uruguay,Calvin College receives
International Bank Transfer in US Dollars (USD),"$10,000.00",Uruguay,Calvin College receives
International Bank Transfer in US Dollars (USD),"$10,000.00",Uzbekistan,Calvin College receives
International Bank Transfer in US Dollars (USD),"$10,000.00",Vanuatu,Calvin College receives
International Bank Transfer in New Zealand Dollar (NZD),"$15,064.00",Vanuatu,Calvin College receives
MasterCard: Debit/Credit in EUR,"8.932,00 €",Holy See (Vatican City State),Calvin College receives
VISA: Debit/Credit in EUR,"8.932,00 €",Holy See (Vatican City State),Calvin College receives
Domestic Bank Transfer in Euros (EUR),"8.847,00 €",Holy See (Vatican City State),Calvin College receives
PayPal in EUR,"9.018,00 €",Holy See (Vatican City State),Calvin College receives
,,Holy See (Vatican City State),Calvin College receives
International Bank Transfer in US Dollars (USD),"$10,000.00","Venezuela, Bolivarian Republic of",Calvin College receives
MasterCard: Debit/Credit in VND,"?242.163.600,0",Viet Nam,Calvin College receives
VISA: Debit/Credit in VND,"?242.163.600,0",Viet Nam,Calvin College receives
International Bank Transfer in US Dollars (USD),"$10,000.00",Viet Nam,Calvin College receives
International Bank Transfer in US Dollars (USD),"$10,000.00","Virgin Islands, British",Calvin College receives
,,"Virgin Islands, British",Calvin College receives
International Bank Transfer in US Dollars (USD),"$10,000.00","Virgin Islands, U.S.",Calvin College receives
,,"Virgin Islands, U.S.",Calvin College receives
MasterCard: Debit/Credit in XPF,"1,081,598.00 Fr",Wallis and Futuna,Calvin College receives
VISA: Debit/Credit in XPF,"1,081,598.00 Fr",Wallis and Futuna,Calvin College receives
International Bank Transfer in New Zealand Dollar (NZD),"$15,067.00",Wallis and Futuna,Calvin College receives
International Bank Transfer in US Dollars (USD),"$10,000.00",Wallis and Futuna,Calvin College receives
International Bank Transfer in US Dollars (USD),"$10,000.00",Western Sahara,Calvin College receives
VISA: Debit/Credit in Yer,"2,637,500.00 ?",Yemen,Calvin College receives
MasterCard: Debit/Credit in YER,"2,637,500.00 ?",Yemen,Calvin College receives
International Bank Transfer in US Dollars (USD),"$10,000.00",Yemen,Calvin College receives
International Bank Transfer in US Dollars (USD),"$10,000.00",Zambia,Calvin College receives
International Bank Transfer in South African Rand (ZAR),"R141,501.00",Zambia,Calvin College receives
