International Bank Transfer in US Dollars (USD),"$10,000.00",Afghanistan,Northern Illinois University receives
International Bank Transfer in Norwegian Krone (NOK),"kr82.296,00",Åland Islands,Northern Illinois University receives
International Bank Transfer in US Dollars (USD),"$10,000.00",Åland Islands,Northern Illinois University receives
International Bank Transfer in Euros (EUR),"8.797,00 €",Albania,Northern Illinois University receives
,,Albania,Northern Illinois University receives
MasterCard: Debit/Credit in DZD,"1,244,000.00 ?.?",Algeria,Northern Illinois University receives
Visa: Debit/Credit in DZD,"1,244,000.00 ?.?",Algeria,Northern Illinois University receives
International Bank Transfer in US Dollars (USD),"$10,000.00",Algeria,Northern Illinois University receives
International Bank Transfer in Euros (EUR),"8.797,00 €",Algeria,Northern Illinois University receives
International Bank Transfer in US Dollars (USD),"$10,000.00",American Samoa,Northern Illinois University receives
,,American Samoa,Northern Illinois University receives
Domestic Bank Transfer in Euros (EUR),"8.798,00 €",Andorra,Northern Illinois University receives
VISA: Debit/Credit in EUR,"8.883,00 €",Andorra,Northern Illinois University receives
MasterCard: Debit/Credit in EUR,"8.883,00 €",Andorra,Northern Illinois University receives
,,Andorra,Northern Illinois University receives
International Bank Transfer in US Dollars (USD),"$10,000.00",Angola,Northern Illinois University receives
International Bank Transfer in South African Rand (ZAR),"R141,367.00",Angola,Northern Illinois University receives
International Bank Transfer in British Pounds (GBP),"£7,786.00",Angola,Northern Illinois University receives
International Bank Transfer in Euros (EUR),"8.798,00 €",Angola,Northern Illinois University receives
MasterCard: Debit/Credit in XCD,"$28,500.00",Anguilla,Northern Illinois University receives
VISA: Debit/Credit in XCD,"$28,500.00",Anguilla,Northern Illinois University receives
International Bank Transfer in US Dollars (USD),"$10,000.00",Anguilla,Northern Illinois University receives
International Bank Transfer in US Dollars (USD),"$10,000.00",Antarctica,Northern Illinois University receives
International Bank Transfer in US Dollars (USD),"$10,000.00",Antigua and Barbuda,Northern Illinois University receives
VISA: Debit/Credit in XCD,"$28,500.00",Antigua and Barbuda,Northern Illinois University receives
MasterCard: Debit/Credit in XCD,"$28,500.00",Antigua and Barbuda,Northern Illinois University receives
VISA: Debit/Credit in ARS,"$304.370,00",Argentina,Northern Illinois University receives
MasterCard: Debit/Credit in ARS,"$304.370,00",Argentina,Northern Illinois University receives
International Bank Transfer in US Dollars (USD),"$10,000.00",Argentina,Northern Illinois University receives
International Bank Transfer in US Dollars (USD),"$10,000.00",Armenia,Northern Illinois University receives
VISA: Debit/Credit in AWG,"18,862.00 Afl",Aruba,Northern Illinois University receives
MasterCard: Debit/Credit in AWG,"18,862.00 Afl",Aruba,Northern Illinois University receives
International Bank Transfer in US Dollars (USD),"$10,000.00",Aruba,Northern Illinois University receives
International Bank Transfer in Canadian Dollars (CAD),"$13,478.00",Aruba,Northern Illinois University receives
Domestic Bank Transfer in AUD (EFT),"A$13,895.00",Australia,Northern Illinois University receives
VISA: Debit/Credit in AUD,"A$14,157.00",Australia,Northern Illinois University receives
MasterCard: Debit/Credit in AUD,"A$14,157.00",Australia,Northern Illinois University receives
American Express in AUD,"A$14,157.00",Australia,Northern Illinois University receives
,,Australia,Northern Illinois University receives
,,Australia,Northern Illinois University receives
Domestic Bank Transfer in Euros (EUR),"8.798,00 €",Austria,Northern Illinois University receives
VISA: Debit/Credit in EUR,"8.883,00 €",Austria,Northern Illinois University receives
MasterCard: Debit/Credit in EUR,"8.883,00 €",Austria,Northern Illinois University receives
American Express in EUR,"8.883,00 €",Austria,Northern Illinois University receives
PayPal in EUR,"8.968,00 €",Austria,Northern Illinois University receives
Online Bank Transfer,"8.798,00 €",Austria,Northern Illinois University receives
,,Austria,Northern Illinois University receives
International Bank Transfer in US Dollars (USD),"$10,000.00",Azerbaijan,Northern Illinois University receives
International Bank Transfer in US Dollars (USD),"$10,000.00",Bahamas,Northern Illinois University receives
International Bank Transfer in Canadian Dollars (CAD),"$13,479.00",Bahamas,Northern Illinois University receives
MasterCard: Debit/Credit in BSD,"$10,538.00",Bahamas,Northern Illinois University receives
VISA: Debit/Credit in BSD,"$10,538.00",Bahamas,Northern Illinois University receives
MasterCard: Debit/Credit in BHD,"?.?3,963.000",Bahrain,Northern Illinois University receives
Visa: Debit/Credit in BHD,"?.?3,963.000",Bahrain,Northern Illinois University receives
International Bank Transfer in US Dollars (USD),"$10,000.00",Bahrain,Northern Illinois University receives
International Bank Transfer in US Dollars (USD),"$10,000.00",Barbados,Northern Illinois University receives
VISA: Debit/Credit in BDT,"?881,960.00",Barbados,Northern Illinois University receives
MasterCard: Debit/Credit in BDT,"?881,960.00",Barbados,Northern Illinois University receives
International Bank Transfer in US Dollars (USD),"$10,000.00",Belarus,Northern Illinois University receives
Domestic Bank Transfer in Euros (EUR),"8.798,00 €",Belgium,Northern Illinois University receives
VISA: Debit/Credit in EUR,"8.883,00 €",Belgium,Northern Illinois University receives
MasterCard: Debit/Credit in EUR,"8.883,00 €",Belgium,Northern Illinois University receives
American Express in EUR,"8.883,00 €",Belgium,Northern Illinois University receives
PayPal in EUR,"8.968,00 €",Belgium,Northern Illinois University receives
Online Bank Transfer,"8.798,00 €",Belgium,Northern Illinois University receives
,,Belgium,Northern Illinois University receives
VISA: Debit/Credit in BZD,"$21,300.00",Belize,Northern Illinois University receives
MasterCard: Debit/Credit in BZD,"$21,300.00",Belize,Northern Illinois University receives
International Bank Transfer in US Dollars (USD),"$10,000.00",Belize,Northern Illinois University receives
International Bank Transfer in Mexican Pesos (MXN),"$205,650.00",Belize,Northern Illinois University receives
International Bank Transfer in US Dollars (USD),"$10,000.00",Benin,Northern Illinois University receives
VISA: Debit/Credit in BMD,"$10,538.00",Bermuda,Northern Illinois University receives
Mastercard: Debit/Credit in BMD,"$10,538.00",Bermuda,Northern Illinois University receives
International Bank Transfer in US Dollars (USD),"$10,000.00",Bermuda,Northern Illinois University receives
International Bank Transfer in US Dollars (USD),"$10,000.00",Bhutan,Northern Illinois University receives
VISA: Debit/Credit in BOB,"Bs73,025.00","Bolivia, Plurinational State of",Northern Illinois University receives
Mastercard: Debit/Credit in BOB,"Bs73,025.00","Bolivia, Plurinational State of",Northern Illinois University receives
International Bank Transfer in US Dollars (USD),"$10,000.00","Bolivia, Plurinational State of",Northern Illinois University receives
International Bank Transfer in US Dollars (USD),"$10,000.00","Bonaire, Saint Eustatius and Saba",Northern Illinois University receives
,,"Bonaire, Saint Eustatius and Saba",Northern Illinois University receives
VISA: Debit/Credit in BAM,"17,633.00 KM",Bosnia and Herzegovina,Northern Illinois University receives
MasterCard: Debit/Credit in BAM,"17,633.00 KM",Bosnia and Herzegovina,Northern Illinois University receives
International Bank Transfer in US Dollars (USD),"$10,000.00",Bosnia and Herzegovina,Northern Illinois University receives
International Bank Transfer in Euros (EUR),"8.798,00 €",Bosnia and Herzegovina,Northern Illinois University receives
Mastercard: Debit/Credit in BWP,"P109,700.00",Botswana,Northern Illinois University receives
VISA: Debit/Credit in BWP,"P109,700.00",Botswana,Northern Illinois University receives
International Bank Transfer in US Dollars (USD),"$10,000.00",Botswana,Northern Illinois University receives
International Bank Transfer in South African Rand (ZAR),"R141,369.00",Botswana,Northern Illinois University receives
International Bank Transfer in British Pounds (GBP),"£7,786.00",Botswana,Northern Illinois University receives
International Bank Transfer in Norwegian Krone (NOK),"kr82.298,00",Bouvet Island,Northern Illinois University receives
MasterCard: Debit/Credit in NOK,"kr84.588,00",Bouvet Island,Northern Illinois University receives
VISA: Debit/Credit in NOK,"kr84.588,00",Bouvet Island,Northern Illinois University receives
,,Bouvet Island,Northern Illinois University receives
Cartão de Crédito/Débito em Reais,"R$43.760,00",Brazil,Northern Illinois University receives
Boleto,"R$43.030,00",Brazil,Northern Illinois University receives
Pagamento com Débito em Conta,"R$43.760,00",Brazil,Northern Illinois University receives
Pagamento Parcelado via Cartão de Crédito em Reais,"R$43.760,00",Brazil,Northern Illinois University receives
,,Brazil,Northern Illinois University receives
,,Brazil,Northern Illinois University receives
,,Brazil,Northern Illinois University receives
MasterCard: Debit/Credit in BND,"$14,400.00",Brunei Darussalam,Northern Illinois University receives
VISA: Debit/Credit in BND,"$14,400.00",Brunei Darussalam,Northern Illinois University receives
MasterCard: Debit/Credit in SGD,"S$14,285.00",Brunei Darussalam,Northern Illinois University receives
VISA: Debit/Credit in SGD,"S$14,285.00",Brunei Darussalam,Northern Illinois University receives
International Bank Transfer in US Dollars (USD),"$10,000.00",Brunei Darussalam,Northern Illinois University receives
VISA: Debit/Credit in BGN,"??17,633.00",Bulgaria,Northern Illinois University receives
MasterCard: Debit/Credit in BGN,"??17,633.00",Bulgaria,Northern Illinois University receives
International Bank Transfer in US Dollars (USD),"$10,000.00",Bulgaria,Northern Illinois University receives
International Bank Transfer in British Pounds (GBP),"£7,786.00",Bulgaria,Northern Illinois University receives
International Bank Transfer in Euros (EUR),"8.798,00 €",Bulgaria,Northern Illinois University receives
American Express in EUR,"8.883,00 €",Bulgaria,Northern Illinois University receives
International Bank Transfer in US Dollars (USD),"$10,000.00",Burkina Faso,Northern Illinois University receives
International Bank Transfer in US Dollars (USD),"$10,000.00",Burundi,Northern Illinois University receives
International Bank Transfer in US Dollars (USD),"$10,000.00",Cambodia,Northern Illinois University receives
MasterCard: Debit/Credit in XAF,"5,913,700.00 Fr",Cameroon,Northern Illinois University receives
VISA: Debit/Credit in XAF,"5,913,700.00 Fr",Cameroon,Northern Illinois University receives
International Bank Transfer in US Dollars (USD),"$10,000.00",Cameroon,Northern Illinois University receives
Bank Transfer in Canadian Dollars,"$13,478.00",Canada,Northern Illinois University receives
VISA: Debit/Credit in CAD,"$13,775.00",Canada,Northern Illinois University receives
MasterCard: Debit/Credit in CAD,"$13,775.00",Canada,Northern Illinois University receives
American Express in CAD,"$13,775.00",Canada,Northern Illinois University receives
PayPal in CAD,"$13,689.00",Canada,Northern Illinois University receives
Online Bill Pay,"$13,478.00",Canada,Northern Illinois University receives
,,Canada,Northern Illinois University receives
International Bank Transfer in US Dollars (USD),"$10,000.00",Cape Verde,Northern Illinois University receives
Visa: Debit/Credit in KYD,"CI$8,641.00",Cayman Islands,Northern Illinois University receives
Mastercard: Debit/Credit in KYD,"CI$8,641.00",Cayman Islands,Northern Illinois University receives
International Bank Transfer in US Dollars (USD),"$10,000.00",Cayman Islands,Northern Illinois University receives
International Bank Transfer in US Dollars (USD),"$10,000.00",Central African Republic,Northern Illinois University receives
International Bank Transfer in US Dollars (USD),"$10,000.00",Chad,Northern Illinois University receives
MasterCard: Debit/Credit in GBP,"£7,862.00",British Indian Ocean Territory,Northern Illinois University receives
VISA: Debit/Credit in GBP,"£7,862.00",British Indian Ocean Territory,Northern Illinois University receives
International Bank Transfer in US Dollars (USD),"$10,000.00",British Indian Ocean Territory,Northern Illinois University receives
VISA: Debit/Credit in CLP,$6.890.000,Chile,Northern Illinois University receives
MasterCard: Debit/Credit in CLP,$6.890.000,Chile,Northern Illinois University receives
International Bank Transfer in US Dollars (USD),"$10,000.00",Chile,Northern Illinois University receives
?????????? Domestic RMB Transfer ????????????,"CNY67,287.00",China,Northern Illinois University receives
??? - (Alipay.com),"CNY67,287.00",China,Northern Illinois University receives
??? – (UnionPay),"CNY67,287.00",China,Northern Illinois University receives
???? eBanking ????????????,"CNY67,624.00",China,Northern Illinois University receives
MasterCard in RMB,"CNY69,836.00",China,Northern Illinois University receives
VISA in RMB,"CNY69,836.00",China,Northern Illinois University receives
,,China,Northern Illinois University receives
MasterCard: Debit/Credit in AUD,"A$14,157.00",Christmas Island,Northern Illinois University receives
VISA: Debit/Credit in AUD,"A$14,157.00",Christmas Island,Northern Illinois University receives
International Bank Transfer in US Dollars (USD),"$10,000.00",Christmas Island,Northern Illinois University receives
International Bank Transfer in New Zealand Dollar (NZD),"$15,069.00",Christmas Island,Northern Illinois University receives
MasterCard: Debit/Credit in AUD,"A$14,157.00",Cocos (Keeling) Islands,Northern Illinois University receives
VISA: Debit/Credit in AUD,"A$14,157.00",Cocos (Keeling) Islands,Northern Illinois University receives
International Bank Transfer in US Dollars (USD),"$10,000.00",Cocos (Keeling) Islands,Northern Illinois University receives
International Bank Transfer in New Zealand Dollar (NZD),"$15,069.00",Cocos (Keeling) Islands,Northern Illinois University receives
International Bank Transfer in US Dollars (USD),"$10,000.00",Colombia,Northern Illinois University receives
International Bank Transfer in US Dollars (USD),"$10,000.00",Comoros,Northern Illinois University receives
International Bank Transfer in South African Rand (ZAR),"R141,343.00",Comoros,Northern Illinois University receives
International Bank Transfer in US Dollars (USD),"$10,000.00",Congo,Northern Illinois University receives
International Bank Transfer in South African Rand (ZAR),"R141,343.00",Congo,Northern Illinois University receives
VISA: Debit/Credit in XAF,"5,912,800.00 Fr",Congo,Northern Illinois University receives
MasterCard: Debit/Credit in XAF,"5,912,800.00 Fr",Congo,Northern Illinois University receives
International Bank Transfer in US Dollars (USD),"$10,000.00","Congo, the Democratic Republic of the",Northern Illinois University receives
International Bank Transfer in South African Rand (ZAR),"R141,343.00","Congo, the Democratic Republic of the",Northern Illinois University receives
MasterCard: Debit/Credit in NZD,"$15,491.00",Cook Islands,Northern Illinois University receives
VISA: Debit/Credit in NZD,"$15,491.00",Cook Islands,Northern Illinois University receives
International Bank Transfer in New Zealand Dollar (NZD),"$15,069.00",Cook Islands,Northern Illinois University receives
,,Cook Islands,Northern Illinois University receives
VISA: Debit/Credit in CRC,"?6.068.000,00",Costa Rica,Northern Illinois University receives
MasterCard: Debit/Credit in CRC,"?6.068.000,00",Costa Rica,Northern Illinois University receives
International Bank Transfer in US Dollars (USD),"$10,000.00",Costa Rica,Northern Illinois University receives
International Bank Transfer in US Dollars (USD),"$10,000.00",Côte d'Ivoire,Northern Illinois University receives
Bank Transfer in Croatian Kuna (HRK),"kn65.401,00",Croatia,Northern Illinois University receives
VISA,"kn66.675,00",Croatia,Northern Illinois University receives
MasterCard,"kn66.675,00",Croatia,Northern Illinois University receives
Online Bank Transfer,"kn65.401,00",Croatia,Northern Illinois University receives
,,Croatia,Northern Illinois University receives
,,Croatia,Northern Illinois University receives
,,Croatia,Northern Illinois University receives
,,Croatia,Northern Illinois University receives
VISA: Debit/Credit in ANG,"19,231.00 NAƒ",Curaçao,Northern Illinois University receives
MasterCard: Debit/Credit in ANG,"19,231.00 NAƒ",Curaçao,Northern Illinois University receives
International Bank Transfer in US Dollars (USD),"$10,000.00",Curaçao,Northern Illinois University receives
Domestic Bank Transfer in Euros (EUR),"8.797,00 €",Cyprus,Northern Illinois University receives
VISA: Debit/Credit in EUR,"8.882,00 €",Cyprus,Northern Illinois University receives
MasterCard: Debit/Credit in EUR,"8.882,00 €",Cyprus,Northern Illinois University receives
American Express in EUR,"8.882,00 €",Cyprus,Northern Illinois University receives
PayPal in EUR,"8.967,00 €",Cyprus,Northern Illinois University receives
Online Bank Transfer,"8.797,00 €",Cyprus,Northern Illinois University receives
,,Cyprus,Northern Illinois University receives
Bank Transfer from a Czech Koruna (CZK) Account,"K?229.155,00",Czech Republic,Northern Illinois University receives
VISA: Debit/Credit in CZK,"K?234.225,00",Czech Republic,Northern Illinois University receives
MasterCard: Debit/Credit in CZK,"K?234.225,00",Czech Republic,Northern Illinois University receives
Online Bank Transfer,"K?229.155,00",Czech Republic,Northern Illinois University receives
,,Czech Republic,Northern Illinois University receives
,,Czech Republic,Northern Illinois University receives
,,Czech Republic,Northern Illinois University receives
,,Czech Republic,Northern Illinois University receives
Domestic Bank Transfer in Danish Krone (DKK),"65.571,00 kr",Denmark,Northern Illinois University receives
VISA: Debit/Credit in DKK,"66.204,00 kr",Denmark,Northern Illinois University receives
MasterCard: Debit/Credit in DKK,"66.204,00 kr",Denmark,Northern Illinois University receives
Online Bank Transfer,"65.571,00 kr",Denmark,Northern Illinois University receives
,,Denmark,Northern Illinois University receives
,,Denmark,Northern Illinois University receives
VISA: Debit/Credit in DJF,"1,874,700.00 Fdj",Djibouti,Northern Illinois University receives
MasterCard: Debit/Credit in DJF,"1,874,700.00 Fdj",Djibouti,Northern Illinois University receives
International Bank Transfer in US Dollars (USD),"$10,000.00",Djibouti,Northern Illinois University receives
International Bank Transfer in US Dollars (USD),"$10,000.00",Dominica,Northern Illinois University receives
VISA: Debit/Credit in XCD,"$28,500.00",Dominica,Northern Illinois University receives
MasterCard: Debit/Credit in XCD,"$28,500.00",Dominica,Northern Illinois University receives
VISA: Debit/Credit in DOP,"$521,300.00",Dominican Republic,Northern Illinois University receives
MasterCard: Debit/Credit in DOP,"$521,300.00",Dominican Republic,Northern Illinois University receives
International Bank Transfer in US Dollars (USD),"$10,000.00",Dominican Republic,Northern Illinois University receives
International Bank Transfer in US Dollars (USD),"$10,000.00",Ecuador,Northern Illinois University receives
,,Ecuador,Northern Illinois University receives
VISA: Debit/Credit in EGP,"?.?188,266.00",Egypt,Northern Illinois University receives
MasterCard: Debit/Credit in EGP,"?.?188,266.00",Egypt,Northern Illinois University receives
International Bank Transfer in US Dollars (USD),"$10,000.00",Egypt,Northern Illinois University receives
International Bank Transfer in Euros (EUR),"8.797,00 €",Egypt,Northern Illinois University receives
International Bank Transfer in US Dollars (USD),"$10,000.00",El Salvador,Northern Illinois University receives
,,El Salvador,Northern Illinois University receives
International Bank Transfer in US Dollars (USD),"$10,000.00",Equatorial Guinea,Northern Illinois University receives
VISA: Debit/Credit in ERN,"158,070.00 Nfk",Eritrea,Northern Illinois University receives
MasterCard: Debit/Credit in ERN,"158,070.00 Nfk",Eritrea,Northern Illinois University receives
International Bank Transfer in US Dollars (USD),"$10,000.00",Eritrea,Northern Illinois University receives
Domestic Bank Transfer in Euros (EUR),"8.797,00 €",Estonia,Northern Illinois University receives
VISA: Debit/Credit in EUR,"8.882,00 €",Estonia,Northern Illinois University receives
MasterCard: Debit/Credit in EUR,"8.882,00 €",Estonia,Northern Illinois University receives
American Express in EUR,"8.882,00 €",Estonia,Northern Illinois University receives
PayPal in EUR,"8.968,00 €",Estonia,Northern Illinois University receives
Online Bank Transfer,"8.797,00 €",Estonia,Northern Illinois University receives
,,Estonia,Northern Illinois University receives
VISA: Debit/Credit in ETB,"290,591.00 Br",Ethiopia,Northern Illinois University receives
Mastercard: Debit/Credit in ETB,"290,591.00 Br",Ethiopia,Northern Illinois University receives
International Bank Transfer in US Dollars (USD),"$10,000.00",Ethiopia,Northern Illinois University receives
American Express in GBP,"£7,861.00",Falkland Islands (Malvinas),Northern Illinois University receives
VISA: Debit/Credit in GBP,"£7,861.00",Falkland Islands (Malvinas),Northern Illinois University receives
MasterCard: Debit/Credit in GBP,"£7,861.00",Falkland Islands (Malvinas),Northern Illinois University receives
International Bank Transfer in US Dollars (USD),"$10,000.00",Falkland Islands (Malvinas),Northern Illinois University receives
MasterCard: Debit/Credit in DKK,"66.205,00 kr",Faroe Islands,Northern Illinois University receives
VISA: Debit/Credit in DKK,"66.205,00 kr",Faroe Islands,Northern Illinois University receives
International Bank Transfer in US Dollars (USD),"$10,000.00",Faroe Islands,Northern Illinois University receives
MasterCard: Debit/Credit in FJD,"22,156.00 $",Fiji,Northern Illinois University receives
VISA: Debit/Credit in FJD,"22,156.00 $",Fiji,Northern Illinois University receives
International Bank Transfer in US Dollars (USD),"$10,000.00",Fiji,Northern Illinois University receives
Domestic Bank Transfer in Euros (EUR),"8.797,00 €",Finland,Northern Illinois University receives
VISA: Debit/Credit in EUR,"8.882,00 €",Finland,Northern Illinois University receives
MasterCard: Debit/Credit in EUR,"8.882,00 €",Finland,Northern Illinois University receives
American Express in EUR,"8.882,00 €",Finland,Northern Illinois University receives
PayPal in EUR,"8.968,00 €",Finland,Northern Illinois University receives
Online Bank Transfer,"8.797,00 €",Finland,Northern Illinois University receives
,,Finland,Northern Illinois University receives
Domestic Bank Transfer in Euros (EUR),"8.797,00 €",France,Northern Illinois University receives
VISA: Debit/Credit in EUR,"8.882,00 €",France,Northern Illinois University receives
MasterCard: Debit/Credit in EUR,"8.882,00 €",France,Northern Illinois University receives
American Express in EUR,"8.882,00 €",France,Northern Illinois University receives
PayPal in EUR,"8.968,00 €",France,Northern Illinois University receives
,,France,Northern Illinois University receives
Domestic Bank Transfer in Euros (EUR),"8.797,00 €",French Guiana,Northern Illinois University receives
,,French Guiana,Northern Illinois University receives
MasterCard: Debit/Credit in XPF,"1,075,705.00 Fr",French Polynesia,Northern Illinois University receives
VISA: Debit/Credit in XPF,"1,075,705.00 Fr",French Polynesia,Northern Illinois University receives
International Bank Transfer in US Dollars (USD),"$10,000.00",French Polynesia,Northern Illinois University receives
International Bank Transfer in Euros (EUR),"8.797,00 €",French Polynesia,Northern Illinois University receives
International Bank Transfer in New Zealand Dollar (NZD),"$15,065.00",French Polynesia,Northern Illinois University receives
International Bank Transfer in US Dollars (USD),"$10,000.00",French Southern Territories,Northern Illinois University receives
International Bank Transfer in US Dollars (USD),"$10,000.00",Gabon,Northern Illinois University receives
VISA: Debit/Credit in GMD,"496,940.00 D",Gambia,Northern Illinois University receives
MasterCard: Debit/Credit in GMD,"496,940.00 D",Gambia,Northern Illinois University receives
International Bank Transfer in US Dollars (USD),"$10,000.00",Gambia,Northern Illinois University receives
International Bank Transfer in US Dollars (USD),"$10,000.00",Georgia,Northern Illinois University receives
International Bank Transfer in Euros (EUR),"8.797,00 €",Georgia,Northern Illinois University receives
Online Bank Transfer,"8.797,00 €",Germany,Northern Illinois University receives
Domestic Bank Transfer in Euros (EUR),"8.797,00 €",Germany,Northern Illinois University receives
VISA: Debit/Credit in EUR,"8.882,00 €",Germany,Northern Illinois University receives
MasterCard: Debit/Credit in EUR,"8.882,00 €",Germany,Northern Illinois University receives
American Express in EUR,"8.882,00 €",Germany,Northern Illinois University receives
PayPal in EUR,"8.968,00 €",Germany,Northern Illinois University receives
,,Germany,Northern Illinois University receives
International Bank Transfer in US Dollars (USD),"$10,000.00",Ghana,Northern Illinois University receives
American Express in GBP,"£7,861.00",Gibraltar,Northern Illinois University receives
MasterCard: Debit/Credit in GBP,"£7,861.00",Gibraltar,Northern Illinois University receives
VISA: Debit/Credit in GBP,"£7,861.00",Gibraltar,Northern Illinois University receives
International Bank Transfer in Euros (EUR),"8.797,00 €",Gibraltar,Northern Illinois University receives
International Bank Transfer in US Dollars (USD),"$10,000.00",Gibraltar,Northern Illinois University receives
Domestic Bank Transfer in Euros (EUR),"8.797,00 €",Greece,Northern Illinois University receives
VISA: Debit/Credit in EUR,"8.882,00 €",Greece,Northern Illinois University receives
MasterCard: Debit/Credit in EUR,"8.882,00 €",Greece,Northern Illinois University receives
American Express in EUR,"8.882,00 €",Greece,Northern Illinois University receives
PayPal in EUR,"8.968,00 €",Greece,Northern Illinois University receives
,,Greece,Northern Illinois University receives
MasterCard: Debit/Credit in DKK,"66.205,00 kr",Greenland,Northern Illinois University receives
VISA: Debit/Credit in DKK,"66.205,00 kr",Greenland,Northern Illinois University receives
International Bank Transfer in US Dollars (USD),"$10,000.00",Greenland,Northern Illinois University receives
International Bank Transfer in US Dollars (USD),"$10,000.00",Grenada,Northern Illinois University receives
VISA: Debit/Credit in XCD,"$28,500.00",Grenada,Northern Illinois University receives
MasterCard: Debit/Credit in XCD,"$28,500.00",Grenada,Northern Illinois University receives
International Bank Transfer in Euros (EUR),"8.797,00 €",Guadeloupe,Northern Illinois University receives
,,Guadeloupe,Northern Illinois University receives
International Bank Transfer in US Dollars (USD),"$10,000.00",Guam,Northern Illinois University receives
MasterCard: Debit/Credit in GTQ,"GTQ78,978.00",Guatemala,Northern Illinois University receives
VISA: Debit/Credit in GTQ,"GTQ78,978.00",Guatemala,Northern Illinois University receives
International Bank Transfer in US Dollars (USD),"$10,000.00",Guatemala,Northern Illinois University receives
American Express in GBP,"£7,861.00",Guernsey,Northern Illinois University receives
VISA: Debit/Credit in GBP,"£7,861.00",Guernsey,Northern Illinois University receives
MasterCard: Debit/Credit in GBP,"£7,861.00",Guernsey,Northern Illinois University receives
International Bank Transfer in British Pounds (GBP),"£7,786.00",Guernsey,Northern Illinois University receives
,,Guernsey,Northern Illinois University receives
International Bank Transfer in US Dollars (USD),"$10,000.00",Guinea,Northern Illinois University receives
International Bank Transfer in US Dollars (USD),"$10,000.00",Guinea-Bissau,Northern Illinois University receives
VISA: Debit/Credit in GYD,"2,199,370.00 G$",Guyana,Northern Illinois University receives
Mastercard: Debit/Credit in GYD,"2,199,370.00 G$",Guyana,Northern Illinois University receives
International Bank Transfer in US Dollars (USD),"$10,000.00",Guyana,Northern Illinois University receives
MasterCard: Debit/Credit in HTG,"696,600.00 G",Haiti,Northern Illinois University receives
Visa: Debit/Credit in HTG,"696,600.00 G",Haiti,Northern Illinois University receives
International Bank Transfer in US Dollars (USD),"$10,000.00",Haiti,Northern Illinois University receives
MasterCard: Debit/Credit in AUD,"A$14,160.00",Heard Island and McDonald Islands,Northern Illinois University receives
VISA: Debit/Credit in AUD,"A$14,160.00",Heard Island and McDonald Islands,Northern Illinois University receives
International Bank Transfer in US Dollars (USD),"$10,000.00",Heard Island and McDonald Islands,Northern Illinois University receives
VISA: Debit/Credit in HNL,"L253,000.00",Honduras,Northern Illinois University receives
MasterCard: Debit/Credit in HNL,"L253,000.00",Honduras,Northern Illinois University receives
International Bank Transfer in US Dollars (USD),"$10,000.00",Honduras,Northern Illinois University receives
Domestic Bank Transfer in Hong Kong Dollars (HKD),"HK$79,600.00",Hong Kong,Northern Illinois University receives
VISA: Debit/Credit in HKD,"HK$81,900.00",Hong Kong,Northern Illinois University receives
MasterCard: Debit/Credit in HKD,"HK$81,900.00",Hong Kong,Northern Illinois University receives
American Express in HKD,"HK$81,900.00",Hong Kong,Northern Illinois University receives
,,Hong Kong,Northern Illinois University receives
Bank Transfer from a Hungarian Forint (HUF) Account,"2.912.429,00 Ft",Hungary,Northern Illinois University receives
MasterCard: Debit/Credit in HUF,"2.969.204,00 Ft",Hungary,Northern Illinois University receives
VISA: Debit/Credit in HUF,"2.969.204,00 Ft",Hungary,Northern Illinois University receives
Online Bank Transfer,"2.912.429,00 Ft",Hungary,Northern Illinois University receives
,,Hungary,Northern Illinois University receives
,,Hungary,Northern Illinois University receives
,,Hungary,Northern Illinois University receives
,,Hungary,Northern Illinois University receives
MasterCard: Debit/Credit in ISK,"kr1.111.400,00",Iceland,Northern Illinois University receives
VISA: Debit/Credit in ISK,"kr1.111.400,00",Iceland,Northern Illinois University receives
International Bank Transfer in US Dollars (USD),"$10,000.00",Iceland,Northern Illinois University receives
Domestic Bank Transfer in Indian Rupees (INR),"?696,795.00",India,Northern Illinois University receives
VISA: Debit/Credit in INR,"?721,318.00",India,Northern Illinois University receives
MasterCard: Debit/Credit in INR,"?721,318.00",India,Northern Illinois University receives
,,India,Northern Illinois University receives
Domestic Bank Transfer in Indonesian Rupiah (IDR),"Rp145.910.000,00",Indonesia,Northern Illinois University receives
VISA: Debit/Credit in IDR,"Rp150.680.000,00",Indonesia,Northern Illinois University receives
MasterCard: Debit/Credit in IDR,"Rp150.680.000,00",Indonesia,Northern Illinois University receives
,,Indonesia,Northern Illinois University receives
,,Indonesia,Northern Illinois University receives
,,Indonesia,Northern Illinois University receives
International Bank Transfer in US Dollars (USD),"$10,000.00",Iraq,Northern Illinois University receives
Domestic Bank Transfer in Euros (EUR),"8.797,00 €",Ireland,Northern Illinois University receives
VISA: Debit/Credit in EUR,"8.882,00 €",Ireland,Northern Illinois University receives
MasterCard: Debit/Credit in EUR,"8.882,00 €",Ireland,Northern Illinois University receives
American Express in EUR,"8.882,00 €",Ireland,Northern Illinois University receives
PayPal in EUR,"8.968,00 €",Ireland,Northern Illinois University receives
Online Bank Transfer,"8.797,00 €",Ireland,Northern Illinois University receives
,,Ireland,Northern Illinois University receives
American Express in GBP,"£7,861.00",Isle of Man,Northern Illinois University receives
VISA: Debit/Credit in GBP,"£7,861.00",Isle of Man,Northern Illinois University receives
MasterCard: Debit/Credit in GBP,"£7,861.00",Isle of Man,Northern Illinois University receives
International Bank Transfer in British Pounds (GBP),"£7,786.00",Isle of Man,Northern Illinois University receives
,,Isle of Man,Northern Illinois University receives
Bank Transfer in Israeli Shekels (ILS),"?37,316.00",Israel,Northern Illinois University receives
VISA: Debit/Credit in ILS,"?38,535.00",Israel,Northern Illinois University receives
MasterCard: Debit/Credit in ILS,"?38,535.00",Israel,Northern Illinois University receives
,,Israel,Northern Illinois University receives
,,Israel,Northern Illinois University receives
,,Israel,Northern Illinois University receives
Online Bank Transfer,"8.798,00 €",Italy,Northern Illinois University receives
Domestic Bank Transfer in Euros (EUR),"8.798,00 €",Italy,Northern Illinois University receives
VISA: Debit/Credit in EUR,"8.883,00 €",Italy,Northern Illinois University receives
MasterCard: Debit/Credit in EUR,"8.883,00 €",Italy,Northern Illinois University receives
American Express in EUR,"8.883,00 €",Italy,Northern Illinois University receives
PayPal in EUR,"8.968,00 €",Italy,Northern Illinois University receives
,,Italy,Northern Illinois University receives
VISA: Debit/Credit in JMD,"J$1,360,700.00",Jamaica,Northern Illinois University receives
MasterCard: Debit/Credit in JMD,"J$1,360,700.00",Jamaica,Northern Illinois University receives
International Bank Transfer in US Dollars (USD),"$10,000.00",Jamaica,Northern Illinois University receives
Bank Transfer in Japanese Yen (JPY),"¥1,135,100",Japan,Northern Illinois University receives
VISA: Debit/Credit in JPY,"¥1,163,200",Japan,Northern Illinois University receives
MasterCard: Debit/Credit in JPY,"¥1,163,200",Japan,Northern Illinois University receives
American Express in JPY,"¥1,163,200",Japan,Northern Illinois University receives
,,Japan,Northern Illinois University receives
,,Japan,Northern Illinois University receives
American Express in GBP,"£7,861.00",Jersey,Northern Illinois University receives
VISA: Debit/Credit in GBP,"£7,861.00",Jersey,Northern Illinois University receives
MasterCard: Debit/Credit in GBP,"£7,861.00",Jersey,Northern Illinois University receives
International Bank Transfer in British Pounds (GBP),"£7,786.00",Jersey,Northern Illinois University receives
,,Jersey,Northern Illinois University receives
VISA: Debit/Credit in JOD,"?.?7,472.00",Jordan,Northern Illinois University receives
MasterCard: Debit/Credit in JOD,"?.?7,472.00",Jordan,Northern Illinois University receives
International Bank Transfer in US Dollars (USD),"$10,000.00",Jordan,Northern Illinois University receives
VISA: Debit/Credit in KZT,"3,595,400.00 KZT",Kazakhstan,Northern Illinois University receives
MasterCard: Debit/Credit in KZT,"3,595,400.00 KZT",Kazakhstan,Northern Illinois University receives
International Bank Transfer in US Dollars (USD),"$10,000.00",Kazakhstan,Northern Illinois University receives
VISA: Debit/Credit in KES,"KSh1,062,599.00",Kenya,Northern Illinois University receives
MasterCard: Debit/Credit in KES,"KSh1,062,599.00",Kenya,Northern Illinois University receives
International Bank Transfer in Euros (EUR),"8.798,00 €",Kenya,Northern Illinois University receives
International Bank Transfer in US Dollars (USD),"$10,000.00",Kenya,Northern Illinois University receives
MasterCard: Debit/Credit in AUD,"A$14,158.00",Kiribati,Northern Illinois University receives
VISA: Debit/Credit in AUD,"A$14,158.00",Kiribati,Northern Illinois University receives
International Bank Transfer in US Dollars (USD),"$10,000.00",Kiribati,Northern Illinois University receives
International Bank Transfer in New Zealand Dollar (NZD),"$15,066.00",Kiribati,Northern Illinois University receives
Domestic Bank Transfer in South Korean Won (KRW),"?11,339,000.00","Korea, Republic of",Northern Illinois University receives
VISA: Debit/Credit in KRW,"?11,733,000.00","Korea, Republic of",Northern Illinois University receives
MasterCard: Debit/Credit in KRW,"?11,733,000.00","Korea, Republic of",Northern Illinois University receives
,,"Korea, Republic of",Northern Illinois University receives
,,"Korea, Republic of",Northern Illinois University receives
,,"Korea, Republic of",Northern Illinois University receives
VISA: Debit/Credit in KWD,"?.?3,191.000",Kuwait,Northern Illinois University receives
MasterCard: Debit/Credit in KWD,"?.?3,191.000",Kuwait,Northern Illinois University receives
International Bank Transfer in US Dollars (USD),"$10,000.00",Kuwait,Northern Illinois University receives
International Bank Transfer in US Dollars (USD),"$10,000.00",Kyrgyzstan,Northern Illinois University receives
International Bank Transfer in US Dollars (USD),"$10,000.00",Lao People's Democratic Republic,Northern Illinois University receives
International Bank Transfer in Euros (EUR),"8.798,00 €",Latvia,Northern Illinois University receives
VISA: Debit/Credit in EUR,"8.883,00 €",Latvia,Northern Illinois University receives
MasterCard: Debit/Credit in EUR,"8.883,00 €",Latvia,Northern Illinois University receives
American Express in EUR,"8.883,00 €",Latvia,Northern Illinois University receives
PayPal in EUR,"8.968,00 €",Latvia,Northern Illinois University receives
Online Bank Transfer,"8.798,00 €",Latvia,Northern Illinois University receives
,,Latvia,Northern Illinois University receives
International Bank Transfer in US Dollars (USD),"$10,000.00",Lebanon,Northern Illinois University receives
VISA,"144,700.00 L",Lesotho,Northern Illinois University receives
MasterCard,"144,700.00 L",Lesotho,Northern Illinois University receives
MasterCard: Debit/Credit in ZAR,"R143,897.00",Lesotho,Northern Illinois University receives
VISA: Debit/Credit in ZAR,"R143,897.00",Lesotho,Northern Illinois University receives
International Bank Transfer in US Dollars (USD),"$10,000.00",Lesotho,Northern Illinois University receives
International Bank Transfer in US Dollars (USD),"$10,000.00",Liberia,Northern Illinois University receives
International Bank Transfer in US Dollars (USD),"$10,000.00",Libyan Arab Jamahiriya,Northern Illinois University receives
MasterCard: Debit/Credit in CHF,"Fr10,379.00",Liechtenstein,Northern Illinois University receives
VISA: Debit/Credit in CHF,"Fr10,379.00",Liechtenstein,Northern Illinois University receives
International Bank Transfer in US Dollars (USD),"$10,000.00",Liechtenstein,Northern Illinois University receives
VISA: Debit/Credit in EUR,"8.883,00 €",Lithuania,Northern Illinois University receives
MasterCard: Debit/Credit in EUR,"8.883,00 €",Lithuania,Northern Illinois University receives
Domestic Bank Transfer in Euros (EUR),"8.798,00 €",Lithuania,Northern Illinois University receives
American Express in EUR,"8.883,00 €",Lithuania,Northern Illinois University receives
PayPal in EUR,"8.969,00 €",Lithuania,Northern Illinois University receives
Online Bank Transfer,"8.798,00 €",Lithuania,Northern Illinois University receives
,,Lithuania,Northern Illinois University receives
,,Lithuania,Northern Illinois University receives
Domestic Bank Transfer in Euros (EUR),"8.798,00 €",Luxembourg,Northern Illinois University receives
VISA: Debit/Credit in EUR,"8.883,00 €",Luxembourg,Northern Illinois University receives
MasterCard: Debit/Credit in EUR,"8.883,00 €",Luxembourg,Northern Illinois University receives
American Express in EUR,"8.883,00 €",Luxembourg,Northern Illinois University receives
PayPal in EUR,"8.969,00 €",Luxembourg,Northern Illinois University receives
,,Luxembourg,Northern Illinois University receives
International Bank Transfer in US Dollars (USD),"$10,000.00",Macao,Northern Illinois University receives
VISA: Debit/Credit in MKD,"555,600.00 ???","Macedonia, the former Yugoslav Republic of",Northern Illinois University receives
MasterCard: Debit/Credit in MKD,"555,600.00 ???","Macedonia, the former Yugoslav Republic of",Northern Illinois University receives
International Bank Transfer in US Dollars (USD),"$10,000.00","Macedonia, the former Yugoslav Republic of",Northern Illinois University receives
International Bank Transfer in US Dollars (USD),"$10,000.00",Madagascar,Northern Illinois University receives
International Bank Transfer in US Dollars (USD),"$10,000.00",Malawi,Northern Illinois University receives
Domestic Bank Transfer in Malaysian Ringgit (MYR),"RM41,200.00",Malaysia,Northern Illinois University receives
VISA: Debit/Credit in MYR,"RM42,540.00",Malaysia,Northern Illinois University receives
MasterCard: Debit/Credit in MYR,"RM42,540.00",Malaysia,Northern Illinois University receives
,,Malaysia,Northern Illinois University receives
,,Malaysia,Northern Illinois University receives
,,Malaysia,Northern Illinois University receives
International Bank Transfer in US Dollars (USD),"$10,000.00",Maldives,Northern Illinois University receives
MasterCard: Debit/Credit in MVR,"163,820.00 Rf",Maldives,Northern Illinois University receives
VISA: Debit/Credit in MVR,"163,820.00 Rf",Maldives,Northern Illinois University receives
International Bank Transfer in US Dollars (USD),"$10,000.00",Mali,Northern Illinois University receives
Domestic Bank Transfer in Euros (EUR),"8.798,00 €",Malta,Northern Illinois University receives
VISA: Debit/Credit in EUR,"8.883,00 €",Malta,Northern Illinois University receives
MasterCard: Debit/Credit in EUR,"8.883,00 €",Malta,Northern Illinois University receives
American Express in EUR,"8.883,00 €",Malta,Northern Illinois University receives
PayPal in EUR,"8.969,00 €",Malta,Northern Illinois University receives
Online Bank Transfer,"8.798,00 €",Malta,Northern Illinois University receives
,,Malta,Northern Illinois University receives
International Bank Transfer in US Dollars (USD),"$10,000.00",Marshall Islands,Northern Illinois University receives
International Bank Transfer in Euros (EUR),"8.798,00 €",Martinique,Northern Illinois University receives
,,Martinique,Northern Illinois University receives
International Bank Transfer in US Dollars (USD),"$10,000.00",Mauritania,Northern Illinois University receives
VISA: Debit/Credit in MUR,"?366,304.00",Mauritius,Northern Illinois University receives
MasterCard: Debit/Credit in MUR,"?366,304.00",Mauritius,Northern Illinois University receives
Bank Transfer in Mauritian Rupee (MUR),"?354,716.00",Mauritius,Northern Illinois University receives
,,Mauritius,Northern Illinois University receives
,,Mauritius,Northern Illinois University receives
International Bank Transfer in US Dollars (USD),"$10,000.00",Mayotte,Northern Illinois University receives
Domestic Bank Transfer in Mexican Pesos (MXN),"$206,388.00",Mexico,Northern Illinois University receives
VISA: Debit/Credit in MXN,"$209,868.00",Mexico,Northern Illinois University receives
MasterCard: Debit/Credit in MXN,"$209,868.00",Mexico,Northern Illinois University receives
,,Mexico,Northern Illinois University receives
International Bank Transfer in US Dollars (USD),"$10,000.00","Micronesia, Federated States of",Northern Illinois University receives
International Bank Transfer in US Dollars (USD),"$10,000.00","Moldova, Republic of",Northern Illinois University receives
Domestic Bank Transfer in Euros (EUR),"8.795,00 €",Monaco,Northern Illinois University receives
American Express in EUR,"8.880,00 €",Monaco,Northern Illinois University receives
VISA: Debit/Credit in EUR,"8.880,00 €",Monaco,Northern Illinois University receives
MasterCard: Debit/Credit in EUR,"8.880,00 €",Monaco,Northern Illinois University receives
PayPal in EUR,"8.966,00 €",Monaco,Northern Illinois University receives
,,Monaco,Northern Illinois University receives
International Bank Transfer in US Dollars (USD),"$10,000.00",Mongolia,Northern Illinois University receives
American Express in EUR,"8.880,00 €",Montenegro,Northern Illinois University receives
VISA: Debit/Credit in EUR,"8.880,00 €",Montenegro,Northern Illinois University receives
MasterCard: Debit/Credit in EUR,"8.880,00 €",Montenegro,Northern Illinois University receives
Domestic Bank Transfer in Euros (EUR),"8.795,00 €",Montenegro,Northern Illinois University receives
PayPal in EUR,"8.966,00 €",Montenegro,Northern Illinois University receives
,,Montenegro,Northern Illinois University receives
MasterCard: Debit/Credit in XCD,"$28,500.00",Montserrat,Northern Illinois University receives
VISA: Debit/Credit in XCD,"$28,500.00",Montserrat,Northern Illinois University receives
International Bank Transfer in US Dollars (USD),"$10,000.00",Montserrat,Northern Illinois University receives
VISA: Debit/Credit in MAD,"99,954.00 ?.?.",Morocco,Northern Illinois University receives
MasterCard: Debit/Credit in MAD,"99,954.00 ?.?.",Morocco,Northern Illinois University receives
International Bank Transfer in US Dollars (USD),"$10,000.00",Morocco,Northern Illinois University receives
International Bank Transfer in US Dollars (USD),"$10,000.00",Mozambique,Northern Illinois University receives
International Bank Transfer in US Dollars (USD),"$10,000.00",Myanmar,Northern Illinois University receives
VISA: Debit/Credit in NAD,"144,650.00 N$",Namibia,Northern Illinois University receives
Mastercard: Debit/Credit in NAD,"144,650.00 N$",Namibia,Northern Illinois University receives
MasterCard: Debit/Credit in ZAR,"R143,891.00",Namibia,Northern Illinois University receives
VISA: Debit/Credit in ZAR,"R143,891.00",Namibia,Northern Illinois University receives
International Bank Transfer in US Dollars (USD),"$10,000.00",Namibia,Northern Illinois University receives
International Bank Transfer in South African Rand (ZAR),"R141,154.00",Namibia,Northern Illinois University receives
MasterCard: Debit/Credit in AUD,"A$14,159.00",Nauru,Northern Illinois University receives
VISA: Debit/Credit in AUD,"A$14,159.00",Nauru,Northern Illinois University receives
International Bank Transfer in US Dollars (USD),"$10,000.00",Nauru,Northern Illinois University receives
VISA: Debit/Credit in NPR,"?1,146,250.00",Nepal,Northern Illinois University receives
MasterCard: Debit/Credit in NPR,"?1,146,250.00",Nepal,Northern Illinois University receives
International Bank Transfer in US Dollars (USD),"$10,000.00",Nepal,Northern Illinois University receives
Online Bank Transfer,"8.795,00 €",Netherlands,Northern Illinois University receives
Domestic Bank Transfer in Euros (EUR),"8.795,00 €",Netherlands,Northern Illinois University receives
VISA: Debit/Credit in EUR,"8.880,00 €",Netherlands,Northern Illinois University receives
MasterCard: Debit/Credit in EUR,"8.880,00 €",Netherlands,Northern Illinois University receives
American Express in EUR,"8.880,00 €",Netherlands,Northern Illinois University receives
PayPal in EUR,"8.966,00 €",Netherlands,Northern Illinois University receives
,,Netherlands,Northern Illinois University receives
MasterCard: Debit/Credit in XPF,"1,075,501.00 Fr",New Caledonia,Northern Illinois University receives
VISA: Debit/Credit in XPF,"1,075,501.00 Fr",New Caledonia,Northern Illinois University receives
International Bank Transfer in US Dollars (USD),"$10,000.00",New Caledonia,Northern Illinois University receives
Bank Transfer in New Zealand Dollar (NZD),"$15,151.00",New Zealand,Northern Illinois University receives
VISA: Debit/Credit in NZD,"$15,485.00",New Zealand,Northern Illinois University receives
MasterCard: Debit/Credit in NZD,"$15,485.00",New Zealand,Northern Illinois University receives
,,New Zealand,Northern Illinois University receives
,,New Zealand,Northern Illinois University receives
MasterCard: Debit/Credit in NIO,"332,100.00 C$",Nicaragua,Northern Illinois University receives
VISA: Debit/Credit in NIO,"332,100.00 C$",Nicaragua,Northern Illinois University receives
International Bank Transfer in US Dollars (USD),"$10,000.00",Nicaragua,Northern Illinois University receives
International Bank Transfer in US Dollars (USD),"$10,000.00",Niger,Northern Illinois University receives
Debit/Credit Card in NGN,"3,851,064.00 ?",Nigeria,Northern Illinois University receives
Online Bank Transfer in NGN,"3,851,064.00 ?",Nigeria,Northern Illinois University receives
International Bank Transfer in US Dollars (USD),"$10,000.00",Nigeria,Northern Illinois University receives
International Bank Transfer in Euros (EUR),"8.796,00 €",Nigeria,Northern Illinois University receives
MasterCard: Debit/Credit in NZD,"$15,486.00",Niue,Northern Illinois University receives
VISA: Debit/Credit in NZD,"$15,486.00",Niue,Northern Illinois University receives
International Bank Transfer in New Zealand Dollar (NZD),"$15,064.00",Niue,Northern Illinois University receives
,,Niue,Northern Illinois University receives
MasterCard: Debit/Credit in AUD,"A$14,159.00",Norfolk Island,Northern Illinois University receives
VISA: Debit/Credit in AUD,"A$14,159.00",Norfolk Island,Northern Illinois University receives
International Bank Transfer in US Dollars (USD),"$10,000.00",Norfolk Island,Northern Illinois University receives
International Bank Transfer in US Dollars (USD),"$10,000.00",Northern Mariana Islands,Northern Illinois University receives
Domestic Bank Transfer in Norwegian Krone (NOK),"kr83.775,00",Norway,Northern Illinois University receives
VISA: Debit/Credit in NOK,"kr84.583,00",Norway,Northern Illinois University receives
MasterCard: Debit/Credit in NOK,"kr84.583,00",Norway,Northern Illinois University receives
American Express in NOK,"kr84.583,00",Norway,Northern Illinois University receives
Online Bank Transfer,"kr83.775,00",Norway,Northern Illinois University receives
,,Norway,Northern Illinois University receives
VISA: Debit/Credit in OMR,"?.?.4,052.000",Oman,Northern Illinois University receives
MasterCard: Debit/Credit in OMR,"?.?.4,052.000",Oman,Northern Illinois University receives
International Bank Transfer in US Dollars (USD),"$10,000.00",Oman,Northern Illinois University receives
VISA: Debit/Credit in PKR,"?1,282,690.00",Pakistan,Northern Illinois University receives
MasterCard: Debit/Credit in PKR,"?1,282,690.00",Pakistan,Northern Illinois University receives
International Bank Transfer in US Dollars (USD),"$10,000.00",Pakistan,Northern Illinois University receives
International Bank Transfer in US Dollars (USD),"$10,000.00",Palau,Northern Illinois University receives
International Bank Transfer in US Dollars (USD),"$10,000.00","Palestinian Territory, Occupied",Northern Illinois University receives
International Bank Transfer in US Dollars (USD),"$10,000.00",Panama,Northern Illinois University receives
MasterCard: Debit/Credit in PGK,"34,352.00 K",Papua New Guinea,Northern Illinois University receives
Visa: Debit/Credit in PGK,"34,352.00 K",Papua New Guinea,Northern Illinois University receives
International Bank Transfer in US Dollars (USD),"$10,000.00",Papua New Guinea,Northern Illinois University receives
International Bank Transfer in New Zealand Dollar (NZD),"$15,064.00",Papua New Guinea,Northern Illinois University receives
VISA: Debit/Credit in PYG,"?59,967,900.00",Paraguay,Northern Illinois University receives
MasterCard: Debit/Credit in PYG,"?59,967,900.00",Paraguay,Northern Illinois University receives
International Bank Transfer in US Dollars (USD),"$10,000.00",Paraguay,Northern Illinois University receives
VISA: Debit/Credit in PEN,"S/.34,538.00",Peru,Northern Illinois University receives
MasterCard: Debit/Credit in PEN,"S/.34,538.00",Peru,Northern Illinois University receives
International Bank Transfer in US Dollars (USD),"$10,000.00",Peru,Northern Illinois University receives
International Bank Transfer in British Pounds (GBP),"£7,786.00",Peru,Northern Illinois University receives
International Bank Transfer in Euros (EUR),"8.796,00 €",Peru,Northern Illinois University receives
VISA: Debit/Credit in PHP,"?562,122.00",Philippines,Northern Illinois University receives
MasterCard: Debit/Credit in PHP,"?562,122.00",Philippines,Northern Illinois University receives
International Bank Transfer in US Dollars (USD),"$10,000.00",Philippines,Northern Illinois University receives
MasterCard: Debit/Credit in NZD,"$15,486.00",Pitcairn,Northern Illinois University receives
VISA: Debit/Credit in NZD,"$15,486.00",Pitcairn,Northern Illinois University receives
International Bank Transfer in New Zealand Dollar (NZD),"$15,064.00",Pitcairn,Northern Illinois University receives
,,Pitcairn,Northern Illinois University receives
Bank Transfer from a Polish Z?oty (PLN) Account,"38,675.00 z?",Poland,Northern Illinois University receives
VISA: Debit/Credit in PLN,"39,428.00 z?",Poland,Northern Illinois University receives
MasterCard: Debit/Credit in PLN,"39,428.00 z?",Poland,Northern Illinois University receives
Online Bank Transfer,"38,675.00 z?",Poland,Northern Illinois University receives
,,Poland,Northern Illinois University receives
,,Poland,Northern Illinois University receives
,,Poland,Northern Illinois University receives
Domestic Bank Transfer in Euros (EUR),"8.797,00 €",Portugal,Northern Illinois University receives
VISA: Debit/Credit in EUR,"8.882,00 €",Portugal,Northern Illinois University receives
MasterCard: Debit/Credit in EUR,"8.882,00 €",Portugal,Northern Illinois University receives
American Express in EUR,"8.882,00 €",Portugal,Northern Illinois University receives
PayPal in EUR,"8.967,00 €",Portugal,Northern Illinois University receives
Online Bank Transfer,"8.797,00 €",Portugal,Northern Illinois University receives
,,Portugal,Northern Illinois University receives
International Bank Transfer in US Dollars (USD),"$10,000.00",Puerto Rico,Northern Illinois University receives
,,Puerto Rico,Northern Illinois University receives
Bank Transfer in Qatari Riyal (QAR),"37,449.00 ?.?",Qatar,Northern Illinois University receives
VISA: Debit/Credit in QAR,"38,357.00 ?.?",Qatar,Northern Illinois University receives
MasterCard: Debit/Credit in QAR,"38,357.00 ?.?",Qatar,Northern Illinois University receives
,,Qatar,Northern Illinois University receives
,,Qatar,Northern Illinois University receives
International Bank Transfer in Euros (EUR),"8.797,00 €",Réunion,Northern Illinois University receives
,,Réunion,Northern Illinois University receives
Bank Transfer in Romanian Leu (RON),"RON40.732,00",Romania,Northern Illinois University receives
VISA: Debit/Credit in RON,"RON42.062,00",Romania,Northern Illinois University receives
MasterCard: Debit/Credit in RON,"RON42.062,00",Romania,Northern Illinois University receives
Online Bank Transfer,"RON41.258,00",Romania,Northern Illinois University receives
,,Romania,Northern Illinois University receives
,,Romania,Northern Illinois University receives
,,Romania,Northern Illinois University receives
,,Romania,Northern Illinois University receives
VISA: Debit/Credit in RUB,"657.010,00 ???",Russian Federation,Northern Illinois University receives
MasterCard: Debit/Credit in RUB,"657.010,00 ???",Russian Federation,Northern Illinois University receives
International Bank Transfer in US Dollars (USD),"$10,000.00",Russian Federation,Northern Illinois University receives
International Bank Transfer in Euros (EUR),"8.797,00 €",Russian Federation,Northern Illinois University receives
International Bank Transfer in British Pounds (GBP),"£7,786.00",Russian Federation,Northern Illinois University receives
International Bank Transfer in US Dollars (USD),"$10,000.00",Rwanda,Northern Illinois University receives
Domestic Bank Transfer in Euros (EUR),"8.797,00 €",Saint Barthélemy,Northern Illinois University receives
VISA: Debit/Credit in EUR,"8.882,00 €",Saint Barthélemy,Northern Illinois University receives
MasterCard: Debit/Credit in EUR,"8.882,00 €",Saint Barthélemy,Northern Illinois University receives
PayPal in EUR,"8.967,00 €",Saint Barthélemy,Northern Illinois University receives
,,Saint Barthélemy,Northern Illinois University receives
,,Saint Barthélemy,Northern Illinois University receives
American Express in GBP,"£7,861.00","Saint Helena, Ascension and Tristan da Cunha",Northern Illinois University receives
VISA: Debit/Credit in GBP,"£7,861.00","Saint Helena, Ascension and Tristan da Cunha",Northern Illinois University receives
MasterCard: Debit/Credit in GBP,"£7,861.00","Saint Helena, Ascension and Tristan da Cunha",Northern Illinois University receives
International Bank Transfer in US Dollars (USD),"$10,000.00","Saint Helena, Ascension and Tristan da Cunha",Northern Illinois University receives
International Bank Transfer in US Dollars (USD),"$10,000.00",Saint Kitts and Nevis,Northern Illinois University receives
International Bank Transfer in Canadian Dollars (CAD),"$13,480.00",Saint Kitts and Nevis,Northern Illinois University receives
VISA: Debit/Credit in XCD,"$28,500.00",Saint Kitts and Nevis,Northern Illinois University receives
MasterCard: Debit/Credit in XCD,"$28,500.00",Saint Kitts and Nevis,Northern Illinois University receives
International Bank Transfer in US Dollars (USD),"$10,000.00",Saint Lucia,Northern Illinois University receives
VISA: Debit/Credit in XCD,"$28,500.00",Saint Lucia,Northern Illinois University receives
MasterCard: Debit/Credit in XCD,"$28,500.00",Saint Lucia,Northern Illinois University receives
International Bank Transfer in US Dollars (USD),"$10,000.00",Saint Martin (French part),Northern Illinois University receives
VISA: Debit/Credit in EUR,"8.882,00 €",Saint Pierre and Miquelon,Northern Illinois University receives
MasterCard: Debit/Credit in EUR,"8.882,00 €",Saint Pierre and Miquelon,Northern Illinois University receives
PayPal in EUR,"8.967,00 €",Saint Pierre and Miquelon,Northern Illinois University receives
International Bank Transfer in US Dollars (USD),"$10,000.00",Saint Pierre and Miquelon,Northern Illinois University receives
International Bank Transfer in Canadian Dollars (CAD),"$13,480.00",Saint Pierre and Miquelon,Northern Illinois University receives
International Bank Transfer in US Dollars (USD),"$10,000.00",Saint Vincent and the Grenadines,Northern Illinois University receives
VISA: Debit/Credit in XCD,"$28,500.00",Saint Vincent and the Grenadines,Northern Illinois University receives
MasterCard: Debit/Credit in XCD,"$28,500.00",Saint Vincent and the Grenadines,Northern Illinois University receives
International Bank Transfer in US Dollars (USD),"$10,000.00",Samoa,Northern Illinois University receives
International Bank Transfer in New Zealand Dollar (NZD),"$15,065.00",Samoa,Northern Illinois University receives
VISA: Debit/Credit in EUR,"8.882,00 €",San Marino,Northern Illinois University receives
MasterCard: Debit/Credit in EUR,"8.882,00 €",San Marino,Northern Illinois University receives
PayPal in EUR,"8.967,00 €",San Marino,Northern Illinois University receives
International Bank Transfer in US Dollars (USD),"$10,000.00",San Marino,Northern Illinois University receives
International Bank Transfer in US Dollars (USD),"$10,000.00",Sao Tome and Principe,Northern Illinois University receives
Bank Transfer in Saudi Riyal (SAR),"?.?38,266.00",Saudi Arabia,Northern Illinois University receives
VISA: Debit/Credit in SAR,"?.?39,516.00",Saudi Arabia,Northern Illinois University receives
MasterCard: Debit/Credit in SAR,"?.?39,516.00",Saudi Arabia,Northern Illinois University receives
,,Saudi Arabia,Northern Illinois University receives
,,Saudi Arabia,Northern Illinois University receives
International Bank Transfer in US Dollars (USD),"$10,000.00",Senegal,Northern Illinois University receives
VISA: Debit/Credit in RSD,"???1,065,500.00",Serbia,Northern Illinois University receives
Mastercard: Debit/Credit in RSD,"???1,065,500.00",Serbia,Northern Illinois University receives
International Bank Transfer in US Dollars (USD),"$10,000.00",Serbia,Northern Illinois University receives
International Bank Transfer in Euros (EUR),"8.797,00 €",Serbia,Northern Illinois University receives
MasterCard,"143,269.00 ?",Seychelles,Northern Illinois University receives
VISA,"143,269.00 ?",Seychelles,Northern Illinois University receives
International Bank Transfer in US Dollars (USD),"$10,000.00",Seychelles,Northern Illinois University receives
International Bank Transfer in US Dollars (USD),"$10,000.00",Sierra Leone,Northern Illinois University receives
Bank Transfer in Singapore Dollar(SGD),"S$13,978.00",Singapore,Northern Illinois University receives
VISA: Debit/Credit in SGD,"S$14,286.00",Singapore,Northern Illinois University receives
MasterCard: Debit/Credit in SGD,"S$14,286.00",Singapore,Northern Illinois University receives
American Express in SGD,"S$14,286.00",Singapore,Northern Illinois University receives
,,Singapore,Northern Illinois University receives
,,Singapore,Northern Illinois University receives
VISA: Debit/Credit in ANG,"19,231.00 NAƒ",Sint Maarten (Dutch part),Northern Illinois University receives
MasterCard: Debit/Credit in ANG,"19,231.00 NAƒ",Sint Maarten (Dutch part),Northern Illinois University receives
International Bank Transfer in US Dollars (USD),"$10,000.00",Sint Maarten (Dutch part),Northern Illinois University receives
Domestic Bank Transfer in Euros (EUR),"8.797,00 €",Slovakia,Northern Illinois University receives
VISA: Debit/Credit in EUR,"8.882,00 €",Slovakia,Northern Illinois University receives
MasterCard: Debit/Credit in EUR,"8.882,00 €",Slovakia,Northern Illinois University receives
American Express in EUR,"8.882,00 €",Slovakia,Northern Illinois University receives
PayPal in EUR,"8.968,00 €",Slovakia,Northern Illinois University receives
Online Bank Transfer,"8.797,00 €",Slovakia,Northern Illinois University receives
,,Slovakia,Northern Illinois University receives
Domestic Bank Transfer in Euros (EUR),"8.797,00 €",Slovenia,Northern Illinois University receives
VISA: Debit/Credit in EUR,"8.882,00 €",Slovenia,Northern Illinois University receives
MasterCard: Debit/Credit in EUR,"8.882,00 €",Slovenia,Northern Illinois University receives
American Express in EUR,"8.882,00 €",Slovenia,Northern Illinois University receives
PayPal in EUR,"8.968,00 €",Slovenia,Northern Illinois University receives
Online Bank Transfer,"8.797,00 €",Slovenia,Northern Illinois University receives
,,Slovenia,Northern Illinois University receives
International Bank Transfer in US Dollars (USD),"$10,000.00",Solomon Islands,Northern Illinois University receives
International Bank Transfer in US Dollars (USD),"$10,000.00",Somalia,Northern Illinois University receives
Bank Transfer in South African Rand (ZAR),"R141,523.00",South Africa,Northern Illinois University receives
VISA: Debit/Credit in ZAR,"R143,897.00",South Africa,Northern Illinois University receives
MasterCard: Debit/Credit in ZAR,"R143,897.00",South Africa,Northern Illinois University receives
American Express in ZAR,"R143,897.00",South Africa,Northern Illinois University receives
,,South Africa,Northern Illinois University receives
,,South Africa,Northern Illinois University receives
,,South Africa,Northern Illinois University receives
MasterCard: Debit/Credit in GBP,"£7,861.00",South Georgia and the South Sandwich Islands,Northern Illinois University receives
VISA: Debit/Credit in GBP,"£7,861.00",South Georgia and the South Sandwich Islands,Northern Illinois University receives
International Bank Transfer in US Dollars (USD),"$10,000.00",South Georgia and the South Sandwich Islands,Northern Illinois University receives
International Bank Transfer in US Dollars (USD),"$10,000.00",South Sudan,Northern Illinois University receives
Online Bank Transfer,"8.797,00 €",Spain,Northern Illinois University receives
Domestic Bank Transfer in Euros (EUR),"8.797,00 €",Spain,Northern Illinois University receives
VISA: Debit/Credit in EUR,"8.882,00 €",Spain,Northern Illinois University receives
MasterCard: Debit/Credit in EUR,"8.882,00 €",Spain,Northern Illinois University receives
American Express in EUR,"8.882,00 €",Spain,Northern Illinois University receives
PayPal in EUR,"8.968,00 €",Spain,Northern Illinois University receives
,,Spain,Northern Illinois University receives
VISA: Debit/Credit in LKR,"1,668,300.00 ?",Sri Lanka,Northern Illinois University receives
MasterCard: Debit/Credit in LKR,"1,668,300.00 ?",Sri Lanka,Northern Illinois University receives
International Bank Transfer in US Dollars (USD),"$10,000.00",Sri Lanka,Northern Illinois University receives
VISA: Debit/Credit in SRD,"78,569.00 $",Suriname,Northern Illinois University receives
MasterCard: Debit/Credit in SRD,"78,569.00 $",Suriname,Northern Illinois University receives
International Bank Transfer in US Dollars (USD),"$10,000.00",Suriname,Northern Illinois University receives
International Bank Transfer in Norwegian Krone (NOK),"kr82.293,00",Svalbard and Jan Mayen,Northern Illinois University receives
,,Svalbard and Jan Mayen,Northern Illinois University receives
VISA: Debit/Credit in SZL,"E144,613.00",Swaziland,Northern Illinois University receives
Mastercard: Debit/Credit in SZL,"E144,613.00",Swaziland,Northern Illinois University receives
MasterCard: Debit/Credit in ZAR,"R143,855.00",Swaziland,Northern Illinois University receives
VISA: Debit/Credit in ZAR,"R143,855.00",Swaziland,Northern Illinois University receives
International Bank Transfer in US Dollars (USD),"$10,000.00",Swaziland,Northern Illinois University receives
Domestic Bank Transfer in Swedish Krona (SEK),"kr91,964.00",Sweden,Northern Illinois University receives
VISA: Debit/Credit in SEK,"kr92,852.00",Sweden,Northern Illinois University receives
MasterCard: Debit/Credit in SEK,"kr92,852.00",Sweden,Northern Illinois University receives
Online Bank Transfer,"kr91,964.00",Sweden,Northern Illinois University receives
,,Sweden,Northern Illinois University receives
,,Sweden,Northern Illinois University receives
Domestic Bank Transfer in Swiss Francs (CHF),"Fr10,182.00",Switzerland,Northern Illinois University receives
VISA: Debit/Credit in CHF,"Fr10,379.00",Switzerland,Northern Illinois University receives
MasterCard: Debit/Credit in CHF,"Fr10,379.00",Switzerland,Northern Illinois University receives
,,Switzerland,Northern Illinois University receives
,,Switzerland,Northern Illinois University receives
VISA: Debit/Credit in TWD,"319,286.00 NT$",Taiwan,Northern Illinois University receives
MasterCard: Debit/Credit in TWD,"319,286.00 NT$",Taiwan,Northern Illinois University receives
International Bank Transfer in US Dollars (USD),"$10,000.00",Taiwan,Northern Illinois University receives
International Bank Transfer in Euros (EUR),"8.795,00 €",Taiwan,Northern Illinois University receives
International Bank Transfer in British Pounds (GBP),"£7,786.00",Taiwan,Northern Illinois University receives
International Bank Transfer in US Dollars (USD),"$10,000.00",Tajikistan,Northern Illinois University receives
International Bank Transfer in US Dollars (USD),"$10,000.00","Tanzania, United Republic of",Northern Illinois University receives
Bank Transfer in Thai Baht (THB),"?338,171.00",Thailand,Northern Illinois University receives
VISA: Debit/Credit in THB,"?347,792.00",Thailand,Northern Illinois University receives
MasterCard: Debit/Credit in THB,"?347,792.00",Thailand,Northern Illinois University receives
,,Thailand,Northern Illinois University receives
,,Thailand,Northern Illinois University receives
International Bank Transfer in US Dollars (USD),"$10,000.00",Timor-Leste,Northern Illinois University receives
VISA: Debit/Credit in XAF,"5,912,400.00 Fr",Togo,Northern Illinois University receives
MasterCard: Debit/Credit in XAF,"5,912,400.00 Fr",Togo,Northern Illinois University receives
International Bank Transfer in US Dollars (USD),"$10,000.00",Togo,Northern Illinois University receives
MasterCard: Debit/Credit in NZD,"$15,489.00",Tokelau,Northern Illinois University receives
VISA: Debit/Credit in NZD,"$15,489.00",Tokelau,Northern Illinois University receives
International Bank Transfer in New Zealand Dollar (NZD),"$15,067.00",Tokelau,Northern Illinois University receives
,,Tokelau,Northern Illinois University receives
International Bank Transfer in US Dollars (USD),"$10,000.00",Tonga,Northern Illinois University receives
VISA: Debit/Credit in TTD,"71,194.00 TT$",Trinidad and Tobago,Northern Illinois University receives
Mastercard: Debit/Credit in TTD,"71,194.00 TT$",Trinidad and Tobago,Northern Illinois University receives
International Bank Transfer in US Dollars (USD),"$10,000.00",Trinidad and Tobago,Northern Illinois University receives
International Bank Transfer in Canadian Dollars (CAD),"$13,480.00",Trinidad and Tobago,Northern Illinois University receives
MasterCard: Debit/Credit in TND,"27,577.000 dt",Tunisia,Northern Illinois University receives
VISA: Debit/Credit in TND,"27,577.000 dt",Tunisia,Northern Illinois University receives
International Bank Transfer in Euros (EUR),"8.796,00 €",Tunisia,Northern Illinois University receives
International Bank Transfer in US Dollars (USD),"$10,000.00",Tunisia,Northern Illinois University receives
International Bank Transfer in British Pounds (GBP),"£7,786.00",Tunisia,Northern Illinois University receives
Domestic Bank Transfer in Turkish Lira (TRY),"47,099.00 TL",Turkey,Northern Illinois University receives
VISA: Debit/Credit in TRY,"48,340.00 TL",Turkey,Northern Illinois University receives
MasterCard: Debit/Credit in TRY,"48,340.00 TL",Turkey,Northern Illinois University receives
,,Turkey,Northern Illinois University receives
,,Turkey,Northern Illinois University receives
International Bank Transfer in US Dollars (USD),"$10,000.00",Turkmenistan,Northern Illinois University receives
International Bank Transfer in US Dollars (USD),"$10,000.00",Turks and Caicos Islands,Northern Illinois University receives
,,Turks and Caicos Islands,Northern Illinois University receives
MasterCard: Debit/Credit in AUD,"A$14,159.00",Tuvalu,Northern Illinois University receives
VISA: Debit/Credit in AUD,"A$14,159.00",Tuvalu,Northern Illinois University receives
International Bank Transfer in New Zealand Dollar (NZD),"$15,065.00",Tuvalu,Northern Illinois University receives
International Bank Transfer in US Dollars (USD),"$10,000.00",Tuvalu,Northern Illinois University receives
International Bank Transfer in US Dollars (USD),"$10,000.00",Uganda,Northern Illinois University receives
International Bank Transfer in Euros (EUR),"8.796,00 €",Ukraine,Northern Illinois University receives
International Bank Transfer in US Dollars (USD),"$10,000.00",Ukraine,Northern Illinois University receives
MasterCard: Debit/Credit in EUR,"8.881,00 €",Ukraine,Northern Illinois University receives
VISA: Debit/Credit in EUR,"8.881,00 €",Ukraine,Northern Illinois University receives
Bank Transfer in Emirati Dirham (AED),"?.?37,285.00",United Arab Emirates,Northern Illinois University receives
VISA: Debit/Credit in AED,"?.?38,699.00",United Arab Emirates,Northern Illinois University receives
MasterCard: Debit/Credit in AED,"?.?38,699.00",United Arab Emirates,Northern Illinois University receives
American Express in AED,"?.?38,699.00",United Arab Emirates,Northern Illinois University receives
,,United Arab Emirates,Northern Illinois University receives
,,United Arab Emirates,Northern Illinois University receives
Online Bank Transfer,"£7,786.00",United Kingdom,Northern Illinois University receives
Domestic Bank Transfer in British Pounds (GBP),"£7,786.00",United Kingdom,Northern Illinois University receives
American Express in GBP,"£7,861.00",United Kingdom,Northern Illinois University receives
VISA: Debit/Credit in GBP,"£7,861.00",United Kingdom,Northern Illinois University receives
MasterCard: Debit/Credit in GBP,"£7,861.00",United Kingdom,Northern Illinois University receives
PayPal in GBP,"£7,937.00",United Kingdom,Northern Illinois University receives
,,United Kingdom,Northern Illinois University receives
,,United Kingdom,Northern Illinois University receives
,,United Kingdom,Northern Illinois University receives
VISA: Debit/Credit in UYU,"$330.500,00",Uruguay,Northern Illinois University receives
MasterCard: Debit/Credit in UYU,"$330.500,00",Uruguay,Northern Illinois University receives
International Bank Transfer in US Dollars (USD),"$10,000.00",Uruguay,Northern Illinois University receives
International Bank Transfer in US Dollars (USD),"$10,000.00",Uzbekistan,Northern Illinois University receives
International Bank Transfer in US Dollars (USD),"$10,000.00",Vanuatu,Northern Illinois University receives
International Bank Transfer in New Zealand Dollar (NZD),"$15,065.00",Vanuatu,Northern Illinois University receives
VISA: Debit/Credit in EUR,"8.881,00 €",Holy See (Vatican City State),Northern Illinois University receives
MasterCard: Debit/Credit in EUR,"8.881,00 €",Holy See (Vatican City State),Northern Illinois University receives
Domestic Bank Transfer in Euros (EUR),"8.796,00 €",Holy See (Vatican City State),Northern Illinois University receives
PayPal in EUR,"8.967,00 €",Holy See (Vatican City State),Northern Illinois University receives
,,Holy See (Vatican City State),Northern Illinois University receives
International Bank Transfer in US Dollars (USD),"$10,000.00","Venezuela, Bolivarian Republic of",Northern Illinois University receives
VISA: Debit/Credit in VND,"?240.361.500,0",Viet Nam,Northern Illinois University receives
MasterCard: Debit/Credit in VND,"?240.361.500,0",Viet Nam,Northern Illinois University receives
International Bank Transfer in US Dollars (USD),"$10,000.00",Viet Nam,Northern Illinois University receives
International Bank Transfer in US Dollars (USD),"$10,000.00","Virgin Islands, British",Northern Illinois University receives
,,"Virgin Islands, British",Northern Illinois University receives
International Bank Transfer in US Dollars (USD),"$10,000.00","Virgin Islands, U.S.",Northern Illinois University receives
,,"Virgin Islands, U.S.",Northern Illinois University receives
MasterCard: Debit/Credit in XPF,"1,075,651.00 Fr",Wallis and Futuna,Northern Illinois University receives
VISA: Debit/Credit in XPF,"1,075,651.00 Fr",Wallis and Futuna,Northern Illinois University receives
International Bank Transfer in New Zealand Dollar (NZD),"$15,065.00",Wallis and Futuna,Northern Illinois University receives
International Bank Transfer in US Dollars (USD),"$10,000.00",Wallis and Futuna,Northern Illinois University receives
International Bank Transfer in US Dollars (USD),"$10,000.00",Western Sahara,Northern Illinois University receives
International Bank Transfer in US Dollars (USD),"$10,000.00",Yemen,Northern Illinois University receives
MasterCard: Debit/Credit in YER,"2,637,500.00 ?",Yemen,Northern Illinois University receives
VISA: Debit/Credit in Yer,"2,637,500.00 ?",Yemen,Northern Illinois University receives
International Bank Transfer in US Dollars (USD),"$10,000.00",Zambia,Northern Illinois University receives
International Bank Transfer in South African Rand (ZAR),"R141,369.00",Zambia,Northern Illinois University receives
