0,1,2,3,4,5,6,7,8,9
Debit/Credit Card in AFN,"799,333.00 ?",Afghanistan,yyy,USD,AFN,799333.0,"758,566.99",0.05374081727442425,0.0
International Bank Transfer in US Dollars (USD),"$10,000.00",Afghanistan,yyy,USD,USD,10000.0,10000,0.0,0.0
International Bank Transfer in Euros (EUR),"8.764,00 €",Albania,yyy,USD,EUR,8764.0,"8,523.61",0.02820283893796166,0.0
International Bank Transfer in US Dollars (USD),"$10,000.00",Albania,yyy,USD,USD,10000.0,10000,0.0,0.0
Debit/Credit Card in DZD,"1,248,700.00 ?.?",Algeria,yyy,USD,DZD,1248700.0,"1,184,961.60",0.053789422374530875,0.0
VISA: Debit/Credit in EUR,"8.850,00 €",Algeria,yyy,USD,EUR,8850.0,"8,523.61",0.03829246058888187,0.0
MasterCard: Debit/Credit in EUR,"8.850,00 €",Algeria,yyy,USD,EUR,8850.0,"8,523.61",0.03829246058888187,0.0
International Bank Transfer in US Dollars (USD),"$10,000.00",Algeria,yyy,USD,USD,10000.0,10000,0.0,0.0
International Bank Transfer in Euros (EUR),"8.765,00 €",Algeria,yyy,USD,EUR,8765.0,"8,523.61",0.028320160119949107,0.0
Debit/Credit Card in AOA,"3,046,900.00 Kz",Angola,yyy,USD,AOA,3046900.0,"2,891,491.15",0.053746956825373685,0.0
VISA: Debit/Credit in EUR,"8.850,00 €",Angola,yyy,USD,EUR,8850.0,"8,523.61",0.03829246058888187,0.0
MasterCard: Debit/Credit in EUR,"8.850,00 €",Angola,yyy,USD,EUR,8850.0,"8,523.61",0.03829246058888187,0.0
International Bank Transfer in US Dollars (USD),"$10,000.00",Angola,yyy,USD,USD,10000.0,10000,0.0,0.0
International Bank Transfer in South African Rand (ZAR),"R147,937.00",Angola,yyy,USD,ZAR,147937.0,"143,646.62",0.029867601479241244,0.0
International Bank Transfer in British Pounds (GBP),"£7,875.00",Angola,yyy,USD,GBP,7875.0,"7,657.86",0.02835518016782761,0.0
International Bank Transfer in Euros (EUR),"8.765,00 €",Angola,yyy,USD,EUR,8765.0,"8,523.61",0.028320160119949107,0.0
VISA: Debit/Credit in ARS,"$392.208,00",Argentina,yyy,USD,ARS,392208.0,"372,205.01",0.053741861239320746,0.0
MasterCard: Debit/Credit in ARS,"$392.208,00",Argentina,yyy,USD,ARS,392208.0,"372,205.01",0.053741861239320746,0.0
International Bank Transfer in US Dollars (USD),"$10,000.00",Argentina,yyy,USD,USD,10000.0,10000,0.0,0.0
Domestic Bank Transfer in AUD (EFT),"A$14,129.00",Australia,yyy,USD,AUD,14129.0,"13,733.01",0.02883490218094939,0.0
American Express in AUD,"A$14,129.00",Australia,yyy,USD,AUD,14129.0,"13,733.01",0.02883490218094939,0.0
VISA: Debit/Credit in AUD,"A$14,396.00",Australia,yyy,USD,AUD,14396.0,"13,733.01",0.04827710749500654,0.0
MasterCard: Debit/Credit in AUD,"A$14,396.00",Australia,yyy,USD,AUD,14396.0,"13,733.01",0.04827710749500654,0.0
Domestic Bank Transfer in New Zealand Dollar (NZD),"$15,252.00",Australia,yyy,USD,NZD,15252.0,"14,957.00",0.019723206525372735,0.0
International Bank Transfer in US Dollars (USD),"$10,030.00",Australia,yyy,USD,USD,10030.0,10000,0.0,30.0
Domestic Bank Transfer in Euros (EUR),"8.691,00 €",Austria,yyy,USD,EUR,8691.0,"8,523.61",0.019638392652878228,0.0
VISA: Debit/Credit in EUR,"8.850,00 €",Austria,yyy,USD,EUR,8850.0,"8,523.61",0.03829246058888187,0.0
MasterCard: Debit/Credit in EUR,"8.850,00 €",Austria,yyy,USD,EUR,8850.0,"8,523.61",0.03829246058888187,0.0
American Express in EUR,"8.850,00 €",Austria,yyy,USD,EUR,8850.0,"8,523.61",0.03829246058888187,0.0
PayPal in EUR,"8.935,00 €",Austria,yyy,USD,EUR,8935.0,"8,523.61",0.04826476105781463,0.0
Online Bank Transfer,"8.765,00 €",Austria,yyy,USD,EUR,8765.0,"8,523.61",0.028320160119949107,0.0
International Bank Transfer in US Dollars (USD),"$10,030.00",Austria,yyy,USD,USD,10030.0,10000,0.0,30.0
MasterCard: Debit/Credit in AZN,"???17,914.00",Azerbaijan,yyy,USD,AZN,17914.0,"17,000.00",0.053764705882352944,0.0
VISA: Debit/Credit in AZN,"???17,914.00",Azerbaijan,yyy,USD,AZN,17914.0,"17,000.00",0.053764705882352944,0.0
International Bank Transfer in US Dollars (USD),"$10,000.00",Azerbaijan,yyy,USD,USD,10000.0,10000,0.0,0.0
VISA: Debit/Credit in BSD,"$10,538.00",Bahamas,yyy,USD,BSD,10538.0,"10,000.00",0.0538,0.0
MasterCard: Debit/Credit in BSD,"$10,538.00",Bahamas,yyy,USD,BSD,10538.0,"10,000.00",0.0538,0.0
International Bank Transfer in US Dollars (USD),"$10,000.00",Bahamas,yyy,USD,USD,10000.0,10000,0.0,0.0
International Bank Transfer in Canadian Dollars (CAD),"$13,262.00",Bahamas,yyy,USD,CAD,13262.0,"12,929.88",0.02568623993416805,0.0
MasterCard: Debit/Credit in BHD,"?.?3,963.000",Bahrain,yyy,USD,BHD,3963.0,"3,760.00",0.05398936170212766,0.0
Visa: Debit/Credit in BHD,"?.?3,963.000",Bahrain,yyy,USD,BHD,3963.0,"3,760.00",0.05398936170212766,0.0
International Bank Transfer in US Dollars (USD),"$10,000.00",Bahrain,yyy,USD,USD,10000.0,10000,0.0,0.0
MasterCard: Debit/Credit in BDT,"?884,120.00",Bangladesh,yyy,USD,BDT,884120.0,"839,025.70",0.05374602947204126,0.0
VISA: Debit/Credit in BDT,"?884,120.00",Bangladesh,yyy,USD,BDT,884120.0,"839,025.70",0.05374602947204126,0.0
International Bank Transfer in US Dollars (USD),"$10,000.00",Bangladesh,yyy,USD,USD,10000.0,10000,0.0,0.0
MasterCard: Debit/Credit in BBD,"21,075.00 $",Barbados,yyy,USD,BBD,21075.0,"20,000.00",0.05375,0.0
VISA: Debit/Credit in BBD,"21,075.00 $",Barbados,yyy,USD,BBD,21075.0,"20,000.00",0.05375,0.0
International Bank Transfer in US Dollars (USD),"$10,000.00",Barbados,yyy,USD,USD,10000.0,10000,0.0,0.0
International Bank Transfer in Canadian Dollars (CAD),"$13,262.00",Barbados,yyy,USD,CAD,13262.0,"12,929.88",0.02568623993416805,0.0
International Bank Transfer in US Dollars (USD),"$10,000.00",Belarus,yyy,USD,USD,10000.0,10000,0.0,0.0
MasterCard: Debit/Credit in EUR,"8.930,00 €",Belarus,yyy,USD,EUR,8930.0,"8,523.61",0.04767815514787741,0.0
VISA: Debit/Credit in EUR,"8.930,00 €",Belarus,yyy,USD,EUR,8930.0,"8,523.61",0.04767815514787741,0.0
Domestic Bank Transfer in Euros (EUR),"8.687,00 €",Belgium,yyy,USD,EUR,8687.0,"8,523.61",0.01916910792492845,0.0
VISA: Debit/Credit in EUR,"8.845,00 €",Belgium,yyy,USD,EUR,8845.0,"8,523.61",0.03770585467894465,0.0
MasterCard: Debit/Credit in EUR,"8.845,00 €",Belgium,yyy,USD,EUR,8845.0,"8,523.61",0.03770585467894465,0.0
American Express in EUR,"8.845,00 €",Belgium,yyy,USD,EUR,8845.0,"8,523.61",0.03770585467894465,0.0
PayPal in EUR,"8.930,00 €",Belgium,yyy,USD,EUR,8930.0,"8,523.61",0.04767815514787741,0.0
Online Bank Transfer,"8.761,00 €",Belgium,yyy,USD,EUR,8761.0,"8,523.61",0.02785087539199933,0.0
International Bank Transfer in US Dollars (USD),"$10,030.00",Belgium,yyy,USD,USD,10030.0,10000,0.0,30.0
Debit/Credit Card in BTN,"762,150.00 Nu",Bhutan,yyy,USD,BTN,762150.0,"723,271.73",0.05375333832002534,0.0
International Bank Transfer in US Dollars (USD),"$10,000.00",Bhutan,yyy,USD,USD,10000.0,10000,0.0,0.0
Mastercard: Debit/Credit in BOB,"Bs72,634.00",Bolivia,yyy,USD,BOB,72634.0,"68,929.58",0.053742094468006305,0.0
VISA: Debit/Credit in BOB,"Bs72,634.00",Bolivia,yyy,USD,BOB,72634.0,"68,929.58",0.053742094468006305,0.0
International Bank Transfer in US Dollars (USD),"$10,000.00",Bolivia,yyy,USD,USD,10000.0,10000,0.0,0.0
VISA: Debit/Credit in BAM,"17,562.00 KM",Bosnia and Herzegovina,yyy,USD,BAM,17562.0,"16,666.04",0.05375962136176315,0.0
MasterCard: Debit/Credit in BAM,"17,562.00 KM",Bosnia and Herzegovina,yyy,USD,BAM,17562.0,"16,666.04",0.05375962136176315,0.0
International Bank Transfer in US Dollars (USD),"$10,000.00",Bosnia and Herzegovina,yyy,USD,USD,10000.0,10000,0.0,0.0
International Bank Transfer in Euros (EUR),"8.763,00 €",Bosnia and Herzegovina,yyy,USD,EUR,8763.0,"8,523.61",0.028085517755974218,0.0
Mastercard: Debit/Credit in BWP,"P112,000.00",Botswana,yyy,USD,BWP,112000.0,"106,270.00",0.05391926225651642,0.0
VISA: Debit/Credit in BWP,"P112,000.00",Botswana,yyy,USD,BWP,112000.0,"106,270.00",0.05391926225651642,0.0
International Bank Transfer in US Dollars (USD),"$10,000.00",Botswana,yyy,USD,USD,10000.0,10000,0.0,0.0
International Bank Transfer in South African Rand (ZAR),"R147,937.00",Botswana,yyy,USD,ZAR,147937.0,"143,646.62",0.029867601479241244,0.0
International Bank Transfer in British Pounds (GBP),"£7,875.00",Botswana,yyy,USD,GBP,7875.0,"7,657.79",0.028364580381546118,0.0
Pagamento com Débito em Conta,"R$45.765,00",Brazil,yyy,USD,BRL,45765.0,"40,555.66",0.12844914865150747,0.0
Cartão de Crédito/Débito em Reais,"R$45.765,00",Brazil,yyy,USD,BRL,45765.0,"40,555.66",0.12844914865150747,0.0
Boleto,"R$45.003,00",Brazil,yyy,USD,BRL,45003.0,"40,555.66",0.10966015594370788,0.0
Pagamento Parcelado via Cartão de Crédito em Reais,"R$45.765,00",Brazil,yyy,USD,BRL,45765.0,"40,555.66",0.12844914865150747,0.0
International Bank Transfer in US Dollars (USD),"$10,000.00",Brazil,yyy,USD,USD,10000.0,10000,0.0,0.0
International Bank Transfer in Euros (EUR),"8.763,00 €",Brazil,yyy,USD,EUR,8763.0,"8,523.61",0.028085517755974218,0.0
International Bank Transfer in British Pounds (GBP),"£7,875.00",Brazil,yyy,USD,GBP,7875.0,"7,657.79",0.028364580381546118,0.0
MasterCard: Debit/Credit in BND,"$14,500.00",Brunei Darussalam,yyy,USD,BND,14500.0,"13,665.66",0.06105376542369707,0.0
VISA: Debit/Credit in BND,"$14,500.00",Brunei Darussalam,yyy,USD,BND,14500.0,"13,665.66",0.06105376542369707,0.0
MasterCard: Debit/Credit in SGD,"S$14,325.00",Brunei Darussalam,yyy,USD,SGD,14325.0,"13,665.66",0.04824794411685935,0.0
VISA: Debit/Credit in SGD,"S$14,325.00",Brunei Darussalam,yyy,USD,SGD,14325.0,"13,665.66",0.04824794411685935,0.0
International Bank Transfer in US Dollars (USD),"$10,000.00",Brunei Darussalam,yyy,USD,USD,10000.0,10000,0.0,0.0
MasterCard: Debit/Credit in BGN,"??17,562.00",Bulgaria,yyy,USD,BGN,17562.0,"16,669.28",0.0535548026069513,0.0
VISA: Debit/Credit in BGN,"??17,562.00",Bulgaria,yyy,USD,BGN,17562.0,"16,669.28",0.0535548026069513,0.0
International Bank Transfer in US Dollars (USD),"$10,000.00",Bulgaria,yyy,USD,USD,10000.0,10000,0.0,0.0
International Bank Transfer in British Pounds (GBP),"£7,875.00",Bulgaria,yyy,USD,GBP,7875.0,"7,657.78",0.028365923283249227,0.0
International Bank Transfer in Euros (EUR),"8.763,00 €",Bulgaria,yyy,USD,EUR,8763.0,"8,523.61",0.028085517755974218,0.0
Debit/Credit Card in BIF,"18,581,000.00 FBu",Burundi,yyy,USD,BIF,18581000.0,"17,632,735.67",0.05377862787413963,0.0
International Bank Transfer in US Dollars (USD),"$10,000.00",Burundi,yyy,USD,USD,10000.0,10000,0.0,0.0
Debit/Credit Card in KHR,"43,183,000.00 ?",Cambodia,yyy,USD,KHR,43183000.0,"40,980,497.13",0.05374514767385881,0.0
International Bank Transfer in US Dollars (USD),"$10,000.00",Cambodia,yyy,USD,USD,10000.0,10000,0.0,0.0
MasterCard: Debit/Credit in XAF,"5,891,100.00 Fr",Cameroon,yyy,USD,XAF,5891100.0,"5,590,635.40",0.05374426670714381,0.0
VISA: Debit/Credit in XAF,"5,891,100.00 Fr",Cameroon,yyy,USD,XAF,5891100.0,"5,590,635.40",0.05374426670714381,0.0
International Bank Transfer in US Dollars (USD),"$10,000.00",Cameroon,yyy,USD,USD,10000.0,10000,0.0,0.0
Bank Transfer in Canadian Dollars,"$13,262.00",Canada,yyy,USD,CAD,13262.0,"12,930.07",0.025671168060188404,0.0
Online Bill Pay,"$13,262.00",Canada,yyy,USD,CAD,13262.0,"12,930.07",0.025671168060188404,0.0
MasterCard: Debit/Credit in CAD,"$13,554.00",Canada,yyy,USD,CAD,13554.0,"12,930.07",0.04825418578553715,0.0
VISA: Debit/Credit in CAD,"$13,554.00",Canada,yyy,USD,CAD,13554.0,"12,930.07",0.04825418578553715,0.0
American Express in CAD,"$13,554.00",Canada,yyy,USD,CAD,13554.0,"12,930.07",0.04825418578553715,0.0
PayPal in CAD,"$13,469.00",Canada,yyy,USD,CAD,13469.0,"12,930.07",0.04168036213261029,0.0
International Bank Transfer in US Dollars (USD),"$10,030.00",Canada,yyy,USD,USD,10030.0,10000,0.0,30.0
MasterCard: Debit/Credit in XAF,"5,891,100.00 Fr",Central African Republic,yyy,USD,XAF,5891100.0,"5,590,635.40",0.05374426670714381,0.0
VISA: Debit/Credit in XAF,"5,891,100.00 Fr",Central African Republic,yyy,USD,XAF,5891100.0,"5,590,635.40",0.05374426670714381,0.0
International Bank Transfer in US Dollars (USD),"$10,000.00",Central African Republic,yyy,USD,USD,10000.0,10000,0.0,0.0
VISA: Debit/Credit in XAF,"5,891,100.00 Fr",Chad,yyy,USD,XAF,5891100.0,"5,590,635.40",0.05374426670714381,0.0
MasterCard: Debit/Credit in XAF,"5,891,100.00 Fr",Chad,yyy,USD,XAF,5891100.0,"5,590,635.40",0.05374426670714381,0.0
International Bank Transfer in US Dollars (USD),"$10,000.00",Chad,yyy,USD,USD,10000.0,10000,0.0,0.0
MasterCard: Debit/Credit in CLP,$7.026.000,Chile,yyy,USD,CLP,7026000.0,"6,667,049.56",0.05383947378366277,0.0
VISA: Debit/Credit in CLP,$7.026.000,Chile,yyy,USD,CLP,7026000.0,"6,667,049.56",0.05383947378366277,0.0
International Bank Transfer in US Dollars (USD),"$10,000.00",Chile,yyy,USD,USD,10000.0,10000,0.0,0.0
??????????-Domestic RMB Transfer ????????????,"CNY69,788.00",China,yyy,USD,CNY,69788.0,"68,650.04",0.01657624671449582,0.0
???-Alipay,"CNY69,788.00",China,yyy,USD,CNY,69788.0,"68,650.04",0.01657624671449582,0.0
????-UnionPay,"CNY69,788.00",China,yyy,USD,CNY,69788.0,"68,650.04",0.01657624671449582,0.0
????-mastercard?????,"CNY72,431.00",China,yyy,USD,CNY,72431.0,"68,650.04",0.05507586011603208,0.0
???-VISA?????,"CNY72,431.00",China,yyy,USD,CNY,72431.0,"68,650.04",0.05507586011603208,0.0
International Bank Transfer in US Dollars (USD),"$10,030.00",China,yyy,USD,USD,10030.0,10000,0.0,30.0
Debit/Credit Card in COP,"COL$31.623.000,00",Colombia,yyy,USD,COP,31623000.0,"30,009,298.79",0.053773372756638176,0.0
International Bank Transfer in US Dollars (USD),"$10,000.00",Colombia,yyy,USD,USD,10000.0,10000,0.0,0.0
VISA: Debit/Credit in XAF,"5,892,000.00 Fr",Congo,yyy,USD,XAF,5892000.0,"5,591,505.34",0.0537412810554519,0.0
MasterCard: Debit/Credit in XAF,"5,892,000.00 Fr",Congo,yyy,USD,XAF,5892000.0,"5,591,505.34",0.0537412810554519,0.0
International Bank Transfer in US Dollars (USD),"$10,000.00",Congo,yyy,USD,USD,10000.0,10000,0.0,0.0
International Bank Transfer in South African Rand (ZAR),"R147,937.00",Congo,yyy,USD,ZAR,147937.0,"143,646.62",0.029867601479241244,0.0
VISA: Debit/Credit in CRC,"?6.199.700,00",Costa Rica,yyy,USD,CRC,6199700.0,"5,796,682.10",0.06952561707670676,0.0
MasterCard: Debit/Credit in CRC,"?6.199.700,00",Costa Rica,yyy,USD,CRC,6199700.0,"5,796,682.10",0.06952561707670676,0.0
International Bank Transfer in US Dollars (USD),"$10,000.00",Costa Rica,yyy,USD,USD,10000.0,10000,0.0,0.0
Bank Transfer in Croatian Kuna (HRK),"kn65.230,00",Croatia,yyy,USD,HRK,65230.0,"63,110.00",0.033592140706702585,0.0
MasterCard,"kn66.502,00",Croatia,yyy,USD,HRK,66502.0,"63,110.00",0.053747425130724134,0.0
VISA,"kn66.502,00",Croatia,yyy,USD,HRK,66502.0,"63,110.00",0.053747425130724134,0.0
Online Bank Transfer,"kn65.230,00",Croatia,yyy,USD,HRK,65230.0,"63,110.00",0.033592140706702585,0.0
International Bank Transfer in US Dollars (USD),"$10,000.00",Croatia,yyy,USD,USD,10000.0,10000,0.0,0.0
International Bank Transfer in Euros (EUR),"8.766,00 €",Croatia,yyy,USD,EUR,8766.0,"8,523.61",0.02843748130193655,0.0
American Express in EUR,"8.850,00 €",Croatia,yyy,USD,EUR,8850.0,"8,523.61",0.03829246058888187,0.0
International Bank Transfer in British Pounds (GBP),"£7,875.00",Croatia,yyy,USD,GBP,7875.0,"7,657.78",0.028365923283249227,0.0
Domestic Bank Transfer in Euros (EUR),"8.692,00 €",Cyprus,yyy,USD,EUR,8692.0,"8,523.61",0.019755713834865674,0.0
VISA: Debit/Credit in EUR,"8.850,00 €",Cyprus,yyy,USD,EUR,8850.0,"8,523.61",0.03829246058888187,0.0
MasterCard: Debit/Credit in EUR,"8.850,00 €",Cyprus,yyy,USD,EUR,8850.0,"8,523.61",0.03829246058888187,0.0
American Express in EUR,"8.850,00 €",Cyprus,yyy,USD,EUR,8850.0,"8,523.61",0.03829246058888187,0.0
PayPal in EUR,"8.936,00 €",Cyprus,yyy,USD,EUR,8936.0,"8,523.61",0.04838208223980208,0.0
Online Bank Transfer,"8.766,00 €",Cyprus,yyy,USD,EUR,8766.0,"8,523.61",0.02843748130193655,0.0
International Bank Transfer in US Dollars (USD),"$10,030.00",Cyprus,yyy,USD,USD,10030.0,10000,0.0,30.0
Bank Transfer from a Czech Koruna (CZK) Account,"K?224.821,00",Czech Republic,yyy,USD,CZK,224821.0,"218,076.36",0.030927882325255313,0.0
MasterCard: Debit/Credit in CZK,"K?229.796,00",Czech Republic,yyy,USD,CZK,229796.0,"218,076.36",0.05374099237533135,0.0
VISA: Debit/Credit in CZK,"K?229.796,00",Czech Republic,yyy,USD,CZK,229796.0,"218,076.36",0.05374099237533135,0.0
Online Bank Transfer,"K?224.821,00",Czech Republic,yyy,USD,CZK,224821.0,"218,076.36",0.030927882325255313,0.0
International Bank Transfer in US Dollars (USD),"$10,000.00",Czech Republic,yyy,USD,USD,10000.0,10000,0.0,0.0
International Bank Transfer in Euros (EUR),"8.766,00 €",Czech Republic,yyy,USD,EUR,8766.0,"8,523.61",0.02843748130193655,0.0
American Express in EUR,"8.850,00 €",Czech Republic,yyy,USD,EUR,8850.0,"8,523.61",0.03829246058888187,0.0
International Bank Transfer in British Pounds (GBP),"£7,875.00",Czech Republic,yyy,USD,GBP,7875.0,"7,657.77",0.028367266188459507,0.0
Domestic Bank Transfer in Danish Krone (DKK),"65.370,00 kr",Denmark,yyy,USD,DKK,65370.0,"63,571.49",0.028291141201818647,0.0
VISA: Debit/Credit in DKK,"66.001,00 kr",Denmark,yyy,USD,DKK,66001.0,"63,571.49",0.038216974307193396,0.0
MasterCard: Debit/Credit in DKK,"66.001,00 kr",Denmark,yyy,USD,DKK,66001.0,"63,571.49",0.038216974307193396,0.0
Online Bank Transfer,"65.370,00 kr",Denmark,yyy,USD,DKK,65370.0,"63,571.49",0.028291141201818647,0.0
International Bank Transfer in US Dollars (USD),"$10,030.00",Denmark,yyy,USD,USD,10030.0,10000,0.0,30.0
American Express in EUR,"8.851,00 €",Denmark,yyy,USD,EUR,8851.0,"8,523.61",0.03840978177086932,0.0
MasterCard: Debit/Credit in DOP,"$526,700.00",Dominican Republic,yyy,USD,DOP,526700.0,"499,827.56",0.05376342192895486,0.0
VISA: Debit/Credit in DOP,"$526,700.00",Dominican Republic,yyy,USD,DOP,526700.0,"499,827.56",0.05376342192895486,0.0
International Bank Transfer in US Dollars (USD),"$10,000.00",Dominican Republic,yyy,USD,USD,10000.0,10000,0.0,0.0
International Bank Transfer in US Dollars (USD),"$10,000.00",Ecuador,yyy,USD,USD,10000.0,10000,0.0,0.0
International Bank Transfer in Canadian Dollars (CAD),"$13,262.00",Ecuador,yyy,USD,CAD,13262.0,"12,930.12",0.025667201851181518,0.0
MasterCard: Debit/Credit in EGP,"?.?188,892.00",Egypt,yyy,USD,EGP,188892.0,"179,258.26",0.05374223759619216,0.0
VISA: Debit/Credit in EGP,"?.?188,892.00",Egypt,yyy,USD,EGP,188892.0,"179,258.26",0.05374223759619216,0.0
International Bank Transfer in US Dollars (USD),"$10,000.00",Egypt,yyy,USD,USD,10000.0,10000,0.0,0.0
International Bank Transfer in Euros (EUR),"8.767,00 €",Egypt,yyy,USD,EUR,8767.0,"8,523.61",0.028554802483923995,0.0
International Bank Transfer in US Dollars (USD),"$10,000.00",El Salvador,yyy,USD,USD,10000.0,10000,0.0,0.0
International Bank Transfer in Mexican Pesos (MXN),"$195,575.00",El Salvador,yyy,USD,MXN,195575.0,"189,414.28",0.03252510845539207,0.0
Domestic Bank Transfer in Euros (EUR),"8.693,00 €",Estonia,yyy,USD,EUR,8693.0,"8,523.61",0.019873035016853117,0.0
VISA: Debit/Credit in EUR,"8.851,00 €",Estonia,yyy,USD,EUR,8851.0,"8,523.61",0.03840978177086932,0.0
MasterCard: Debit/Credit in EUR,"8.851,00 €",Estonia,yyy,USD,EUR,8851.0,"8,523.61",0.03840978177086932,0.0
American Express in EUR,"8.851,00 €",Estonia,yyy,USD,EUR,8851.0,"8,523.61",0.03840978177086932,0.0
PayPal in EUR,"8.937,00 €",Estonia,yyy,USD,EUR,8937.0,"8,523.61",0.04849940342178952,0.0
Online Bank Transfer,"8.767,00 €",Estonia,yyy,USD,EUR,8767.0,"8,523.61",0.028554802483923995,0.0
International Bank Transfer in US Dollars (USD),"$10,030.00",Estonia,yyy,USD,USD,10030.0,10000,0.0,30.0
Mastercard: Debit/Credit in ETB,"290,679.00 Br",Ethiopia,yyy,USD,ETB,290679.0,"275,854.00",0.05374219695926106,0.0
VISA: Debit/Credit in ETB,"290,679.00 Br",Ethiopia,yyy,USD,ETB,290679.0,"275,854.00",0.05374219695926106,0.0
International Bank Transfer in US Dollars (USD),"$10,000.00",Ethiopia,yyy,USD,USD,10000.0,10000,0.0,0.0
International Bank Transfer in Euros (EUR),"8.767,00 €",Ethiopia,yyy,USD,EUR,8767.0,"8,523.61",0.028554802483923995,0.0
VISA: Debit/Credit in FJD,"22,327.00 $",Fiji,yyy,USD,FJD,22327.0,"21,187.50",0.05378171091445428,0.0
MasterCard: Debit/Credit in FJD,"22,327.00 $",Fiji,yyy,USD,FJD,22327.0,"21,187.50",0.05378171091445428,0.0
International Bank Transfer in US Dollars (USD),"$10,000.00",Fiji,yyy,USD,USD,10000.0,10000,0.0,0.0
Domestic Bank Transfer in Euros (EUR),"8.693,00 €",Finland,yyy,USD,EUR,8693.0,"8,523.61",0.019873035016853117,0.0
VISA: Debit/Credit in EUR,"8.851,00 €",Finland,yyy,USD,EUR,8851.0,"8,523.61",0.03840978177086932,0.0
MasterCard: Debit/Credit in EUR,"8.851,00 €",Finland,yyy,USD,EUR,8851.0,"8,523.61",0.03840978177086932,0.0
American Express in EUR,"8.851,00 €",Finland,yyy,USD,EUR,8851.0,"8,523.61",0.03840978177086932,0.0
PayPal in EUR,"8.937,00 €",Finland,yyy,USD,EUR,8937.0,"8,523.61",0.04849940342178952,0.0
Online Bank Transfer,"8.767,00 €",Finland,yyy,USD,EUR,8767.0,"8,523.61",0.028554802483923995,0.0
International Bank Transfer in US Dollars (USD),"$10,030.00",Finland,yyy,USD,USD,10030.0,10000,0.0,30.0
Domestic Bank Transfer in Euros (EUR),"8.688,00 €",France,yyy,USD,EUR,8688.0,"8,523.61",0.019286429106915897,0.0
VISA: Debit/Credit in EUR,"8.846,00 €",France,yyy,USD,EUR,8846.0,"8,523.61",0.03782317586093209,0.0
MasterCard: Debit/Credit in EUR,"8.846,00 €",France,yyy,USD,EUR,8846.0,"8,523.61",0.03782317586093209,0.0
American Express in EUR,"8.846,00 €",France,yyy,USD,EUR,8846.0,"8,523.61",0.03782317586093209,0.0
PayPal in EUR,"8.932,00 €",France,yyy,USD,EUR,8932.0,"8,523.61",0.047912797511852304,0.0
International Bank Transfer in US Dollars (USD),"$10,030.00",France,yyy,USD,USD,10030.0,10000,0.0,30.0
MasterCard: Debit/Credit in XAF,"5,889,300.00 Fr",Gabon,yyy,USD,XAF,5889300.0,"5,588,880.73",0.05375302936550581,0.0
VISA: Debit/Credit in XAF,"5,889,300.00 Fr",Gabon,yyy,USD,XAF,5889300.0,"5,588,880.73",0.05375302936550581,0.0
International Bank Transfer in US Dollars (USD),"$10,000.00",Gabon,yyy,USD,USD,10000.0,10000,0.0,0.0
VISA: Debit/Credit in GMD,"514,230.00 D",Gambia,yyy,USD,GMD,514230.0,"488,000.03",0.053749935220290805,0.0
MasterCard: Debit/Credit in GMD,"514,230.00 D",Gambia,yyy,USD,GMD,514230.0,"488,000.03",0.053749935220290805,0.0
International Bank Transfer in US Dollars (USD),"$10,000.00",Gambia,yyy,USD,USD,10000.0,10000,0.0,0.0
VISA,"27,601.00 ?",Georgia,yyy,USD,GEL,27601.0,"26,193.00",0.053754819990073685,0.0
MasterCard,"27,601.00 ?",Georgia,yyy,USD,GEL,27601.0,"26,193.00",0.053754819990073685,0.0
International Bank Transfer in US Dollars (USD),"$10,000.00",Georgia,yyy,USD,USD,10000.0,10000,0.0,0.0
International Bank Transfer in Euros (EUR),"8.762,00 €",Georgia,yyy,USD,EUR,8762.0,"8,523.61",0.027968196573986772,0.0
Online Bank Transfer,"8.762,00 €",Germany,yyy,USD,EUR,8762.0,"8,523.61",0.027968196573986772,0.0
Domestic Bank Transfer in Euros (EUR),"8.688,00 €",Germany,yyy,USD,EUR,8688.0,"8,523.61",0.019286429106915897,0.0
VISA: Debit/Credit in EUR,"8.846,00 €",Germany,yyy,USD,EUR,8846.0,"8,523.61",0.03782317586093209,0.0
MasterCard: Debit/Credit in EUR,"8.846,00 €",Germany,yyy,USD,EUR,8846.0,"8,523.61",0.03782317586093209,0.0
American Express in EUR,"8.846,00 €",Germany,yyy,USD,EUR,8846.0,"8,523.61",0.03782317586093209,0.0
PayPal in EUR,"8.932,00 €",Germany,yyy,USD,EUR,8932.0,"8,523.61",0.047912797511852304,0.0
International Bank Transfer in US Dollars (USD),"$10,030.00",Germany,yyy,USD,USD,10030.0,10000,0.0,30.0
Debit/Credit Card in GHS,"GH?50,632.00",Ghana,yyy,USD,GHS,50632.0,"48,049.53",0.053745999180429056,0.0
International Bank Transfer in US Dollars (USD),"$10,000.00",Ghana,yyy,USD,USD,10000.0,10000,0.0,0.0
American Express in GBP,"£7,951.00",Gibraltar,yyy,USD,GBP,7951.0,"7,657.77",0.03829182647167512,0.0
VISA: Debit/Credit in GBP,"£7,951.00",Gibraltar,yyy,USD,GBP,7951.0,"7,657.77",0.03829182647167512,0.0
MasterCard: Debit/Credit in GBP,"£7,951.00",Gibraltar,yyy,USD,GBP,7951.0,"7,657.77",0.03829182647167512,0.0
Debit/Credit Card in GIP,"£8,070.00",Gibraltar,yyy,USD,GIP,8070.0,"7,657.77",0.0538315984940785,0.0
International Bank Transfer in Euros (EUR),"8.762,00 €",Gibraltar,yyy,USD,EUR,8762.0,"8,523.61",0.027968196573986772,0.0
International Bank Transfer in US Dollars (USD),"$10,000.00",Gibraltar,yyy,USD,USD,10000.0,10000,0.0,0.0
Domestic Bank Transfer in Euros (EUR),"8.690,00 €",Greece,yyy,USD,EUR,8690.0,"8,523.61",0.019521071470890786,0.0
VISA: Debit/Credit in EUR,"8.848,00 €",Greece,yyy,USD,EUR,8848.0,"8,523.61",0.03805781822490698,0.0
MasterCard: Debit/Credit in EUR,"8.848,00 €",Greece,yyy,USD,EUR,8848.0,"8,523.61",0.03805781822490698,0.0
American Express in EUR,"8.848,00 €",Greece,yyy,USD,EUR,8848.0,"8,523.61",0.03805781822490698,0.0
PayPal in EUR,"8.933,00 €",Greece,yyy,USD,EUR,8933.0,"8,523.61",0.048030118693839746,0.0
International Bank Transfer in US Dollars (USD),"$10,030.00",Greece,yyy,USD,USD,10030.0,10000,0.0,30.0
MasterCard: Debit/Credit in XCD,"$28,500.00",Grenada,yyy,USD,XCD,28500.0,"27,039.12",0.05402838553917439,0.0
VISA: Debit/Credit in XCD,"$28,500.00",Grenada,yyy,USD,XCD,28500.0,"27,039.12",0.05402838553917439,0.0
International Bank Transfer in US Dollars (USD),"$10,000.00",Grenada,yyy,USD,USD,10000.0,10000,0.0,0.0
VISA: Debit/Credit in GTQ,"GTQ80,739.00",Guatemala,yyy,USD,GTQ,80739.0,"76,621.03",0.053744644257588306,0.0
MasterCard: Debit/Credit in GTQ,"GTQ80,739.00",Guatemala,yyy,USD,GTQ,80739.0,"76,621.03",0.053744644257588306,0.0
International Bank Transfer in US Dollars (USD),"$10,000.00",Guatemala,yyy,USD,USD,10000.0,10000,0.0,0.0
Debit/Credit Card in GNF,"95,465,000.00 FG",Guinea,yyy,USD,GNF,95465000.0,"90,595,870.67",0.053745598932826044,0.0
International Bank Transfer in US Dollars (USD),"$10,000.00",Guinea,yyy,USD,USD,10000.0,10000,0.0,0.0
VISA: Debit/Credit in GYD,"2,198,410.00 G$",Guyana,yyy,USD,GYD,2198410.0,"2,086,287.45",0.05374261825713424,0.0
Mastercard: Debit/Credit in GYD,"2,198,410.00 G$",Guyana,yyy,USD,GYD,2198410.0,"2,086,287.45",0.05374261825713424,0.0
International Bank Transfer in US Dollars (USD),"$10,000.00",Guyana,yyy,USD,USD,10000.0,10000,0.0,0.0
MasterCard: Debit/Credit in HTG,"727,000.00 G",Haiti,yyy,USD,HTG,727000.0,"689,879.46",0.053807283956533565,0.0
Visa: Debit/Credit in HTG,"727,000.00 G",Haiti,yyy,USD,HTG,727000.0,"689,879.46",0.053807283956533565,0.0
International Bank Transfer in US Dollars (USD),"$10,000.00",Haiti,yyy,USD,USD,10000.0,10000,0.0,0.0
MasterCard: Debit/Credit in HNL,"L253,700.00",Honduras,yyy,USD,HNL,253700.0,"240,681.91",0.05408836085769801,0.0
VISA: Debit/Credit in HNL,"L253,700.00",Honduras,yyy,USD,HNL,253700.0,"240,681.91",0.05408836085769801,0.0
International Bank Transfer in US Dollars (USD),"$10,000.00",Honduras,yyy,USD,USD,10000.0,10000,0.0,0.0
Domestic Bank Transfer in Hong Kong Dollars (HKD),"HK$79,000.00",Hong Kong,yyy,USD,HKD,79000.0,"78,199.92",0.010231212512749397,0.0
American Express in HKD,"HK$79,350.00",Hong Kong,yyy,USD,HKD,79350.0,"78,199.92",0.014706920416286894,0.0
VISA: Debit/Credit in HKD,"HK$81,630.00",Hong Kong,yyy,USD,HKD,81630.0,"78,199.92",0.043862960473616874,0.0
MasterCard: Debit/Credit in HKD,"HK$81,630.00",Hong Kong,yyy,USD,HKD,81630.0,"78,199.92",0.043862960473616874,0.0
International Bank Transfer in US Dollars (USD),"$10,030.00",Hong Kong,yyy,USD,USD,10030.0,10000,0.0,30.0
MasterCard: Debit/Credit in HUF,"2.927.304,00 Ft",Hungary,yyy,USD,HUF,2927304.0,"2,778,011.20",0.053740892045359576,0.0
VISA: Debit/Credit in HUF,"2.927.304,00 Ft",Hungary,yyy,USD,HUF,2927304.0,"2,778,011.20",0.053740892045359576,0.0
Bank Transfer from a Hungarian Forint (HUF) Account,"2.871.330,00 Ft",Hungary,yyy,USD,HUF,2871330.0,"2,778,011.20",0.03359194520166074,0.0
Online Bank Transfer,"2.871.330,00 Ft",Hungary,yyy,USD,HUF,2871330.0,"2,778,011.20",0.03359194520166074,0.0
MasterCard: Debit/Credit in EUR,"8.848,00 €",Hungary,yyy,USD,EUR,8848.0,"8,523.61",0.03805781822490698,0.0
VISA: Debit/Credit in EUR,"8.848,00 €",Hungary,yyy,USD,EUR,8848.0,"8,523.61",0.03805781822490698,0.0
American Express in EUR,"8.848,00 €",Hungary,yyy,USD,EUR,8848.0,"8,523.61",0.03805781822490698,0.0
International Bank Transfer in Euros (EUR),"8.764,00 €",Hungary,yyy,USD,EUR,8764.0,"8,523.61",0.02820283893796166,0.0
International Bank Transfer in British Pounds (GBP),"£7,875.00",Hungary,yyy,USD,GBP,7875.0,"7,657.77",0.028367266188459507,0.0
International Bank Transfer in US Dollars (USD),"$10,000.00",Hungary,yyy,USD,USD,10000.0,10000,0.0,0.0
MasterCard: Debit/Credit in ISK,"kr1.160.700,00",Iceland,yyy,USD,ISK,1160700.0,"1,101,500.00",0.05374489332728098,0.0
VISA: Debit/Credit in ISK,"kr1.160.700,00",Iceland,yyy,USD,ISK,1160700.0,"1,101,500.00",0.05374489332728098,0.0
International Bank Transfer in US Dollars (USD),"$10,000.00",Iceland,yyy,USD,USD,10000.0,10000,0.0,0.0
Domestic Bank Transfer in Indian Rupees,"?736,230.00",India,yyy,USD,INR,736230.0,"723,271.73",0.01791618483415634,0.0
VISA: Debit/Credit in INR,"?762,141.00",India,yyy,USD,INR,762141.0,"723,271.73",0.05374089486395386,0.0
MasterCard: Debit/Credit in INR,"?762,141.00",India,yyy,USD,INR,762141.0,"723,271.73",0.05374089486395386,0.0
International Bank Transfer in US Dollars (USD),"$10,030.00",India,yyy,USD,USD,10030.0,10000,0.0,30.0
Domestic Bank Transfer in Indonesian Rupiah (IDR),"Rp151.480.000,00",Indonesia,yyy,USD,IDR,151480000.0,"148,448,077.93",0.02042412480025293,0.0
Debit/Credit Card in IDR,"Rp156.430.000,00",Indonesia,yyy,USD,IDR,156430000.0,"148,448,077.93",0.05376911699566653,0.0
UnionPay Card in IDR,"Rp153.840.000,00",Indonesia,yyy,USD,IDR,153840000.0,"148,448,077.93",0.036321939261096586,0.0
International Bank Transfer in US Dollars (USD),"$10,030.00",Indonesia,yyy,USD,USD,10030.0,10000,0.0,30.0
International Bank Transfer in Euros (EUR),"8.765,00 €",Indonesia,yyy,USD,EUR,8765.0,"8,523.61",0.028320160119949107,0.0
International Bank Transfer in British Pounds (GBP),"£7,875.00",Indonesia,yyy,USD,GBP,7875.0,"7,657.77",0.028367266188459507,0.0
International Bank Transfer in US Dollars (USD),"$10,000.00",Iraq,yyy,USD,USD,10000.0,10000,0.0,0.0
Domestic Bank Transfer in Euros (EUR),"8.691,00 €",Ireland,yyy,USD,EUR,8691.0,"8,523.61",0.019638392652878228,0.0
VISA: Debit/Credit in EUR,"8.850,00 €",Ireland,yyy,USD,EUR,8850.0,"8,523.61",0.03829246058888187,0.0
MasterCard: Debit/Credit in EUR,"8.850,00 €",Ireland,yyy,USD,EUR,8850.0,"8,523.61",0.03829246058888187,0.0
American Express in EUR,"8.850,00 €",Ireland,yyy,USD,EUR,8850.0,"8,523.61",0.03829246058888187,0.0
PayPal in EUR,"8.935,00 €",Ireland,yyy,USD,EUR,8935.0,"8,523.61",0.04826476105781463,0.0
Online Bank Transfer,"8.765,00 €",Ireland,yyy,USD,EUR,8765.0,"8,523.61",0.028320160119949107,0.0
International Bank Transfer in US Dollars (USD),"$10,030.00",Ireland,yyy,USD,USD,10030.0,10000,0.0,30.0
Bank Transfer in Israeli Shekels (ILS),"?36,742.00",Israel,yyy,USD,ILS,36742.0,"35,786.35",0.026704316031112462,0.0
MasterCard: Debit/Credit in ILS,"?37,710.00",Israel,yyy,USD,ILS,37710.0,"35,786.35",0.053753735712080204,0.0
VISA: Debit/Credit in ILS,"?37,710.00",Israel,yyy,USD,ILS,37710.0,"35,786.35",0.053753735712080204,0.0
International Bank Transfer in US Dollars (USD),"$10,000.00",Israel,yyy,USD,USD,10000.0,10000,0.0,0.0
International Bank Transfer in Euros (EUR),"8.765,00 €",Israel,yyy,USD,EUR,8765.0,"8,523.61",0.028320160119949107,0.0
International Bank Transfer in British Pounds (GBP),"£7,875.00",Israel,yyy,USD,GBP,7875.0,"7,657.77",0.028367266188459507,0.0
Domestic Bank Transfer in Euros (EUR),"8.691,00 €",Italy,yyy,USD,EUR,8691.0,"8,523.61",0.019638392652878228,0.0
VISA: Debit/Credit in EUR,"8.850,00 €",Italy,yyy,USD,EUR,8850.0,"8,523.61",0.03829246058888187,0.0
MasterCard: Debit/Credit in EUR,"8.850,00 €",Italy,yyy,USD,EUR,8850.0,"8,523.61",0.03829246058888187,0.0
American Express in EUR,"8.850,00 €",Italy,yyy,USD,EUR,8850.0,"8,523.61",0.03829246058888187,0.0
PayPal in EUR,"8.935,00 €",Italy,yyy,USD,EUR,8935.0,"8,523.61",0.04826476105781463,0.0
Online Bank Transfer,"8.765,00 €",Italy,yyy,USD,EUR,8765.0,"8,523.61",0.028320160119949107,0.0
International Bank Transfer in US Dollars (USD),"$10,030.00",Italy,yyy,USD,USD,10030.0,10000,0.0,30.0
MasterCard: Debit/Credit in JMD,"J$1,425,800.00",Jamaica,yyy,USD,JMD,1425800.0,"1,353,049.11",0.053768107500547335,0.0
VISA: Debit/Credit in JMD,"J$1,425,800.00",Jamaica,yyy,USD,JMD,1425800.0,"1,353,049.11",0.053768107500547335,0.0
International Bank Transfer in US Dollars (USD),"$10,000.00",Jamaica,yyy,USD,USD,10000.0,10000,0.0,0.0
Bank Transfer in Japanese Yen (JPY),"¥1,158,800",Japan,yyy,USD,JPY,1158800.0,"1,126,913.23",0.028295674548075026,0.0
American Express in JPY,"¥1,158,800",Japan,yyy,USD,JPY,1158800.0,"1,126,913.23",0.028295674548075026,0.0
VISA: Debit/Credit in JPY,"¥1,187,500",Japan,yyy,USD,JPY,1187500.0,"1,126,913.23",0.05376347387455911,0.0
MasterCard: Debit/Credit in JPY,"¥1,187,500",Japan,yyy,USD,JPY,1187500.0,"1,126,913.23",0.05376347387455911,0.0
UnionPay Card in JPY,"¥1,167,800",Japan,yyy,USD,JPY,1167800.0,"1,126,913.23",0.03628209245533484,0.0
International Bank Transfer in US Dollars (USD),"$10,030.00",Japan,yyy,USD,USD,10030.0,10000,0.0,30.0
International Bank Transfer in British Pounds (GBP),"£7,875.00",Japan,yyy,USD,GBP,7875.0,"7,657.77",0.028367266188459507,0.0
MasterCard: Debit/Credit in JOD,"?.?7,472.00",Jordan,yyy,USD,JOD,7472.0,"7,090.00",0.0538787023977433,0.0
VISA: Debit/Credit in JOD,"?.?7,472.00",Jordan,yyy,USD,JOD,7472.0,"7,090.00",0.0538787023977433,0.0
International Bank Transfer in US Dollars (USD),"$10,000.00",Jordan,yyy,USD,USD,10000.0,10000,0.0,0.0
Debit/Credit Card in KZT,"3,758,800.00 KZT",Kazakhstan,yyy,USD,KZT,3758800.0,"3,567,011.34",0.05376732556168441,0.0
UnionPay Card in KZT,"3,696,400.00 KZT",Kazakhstan,yyy,USD,KZT,3696400.0,"3,567,011.34",0.03627368899814043,0.0
International Bank Transfer in US Dollars (USD),"$10,000.00",Kazakhstan,yyy,USD,USD,10000.0,10000,0.0,0.0
MasterCard: Debit/Credit in KES,"KSh1,066,202.00",Kenya,yyy,USD,KES,1066202.0,"1,011,825.51",0.05374097555615097,0.0
VISA: Debit/Credit in KES,"KSh1,066,202.00",Kenya,yyy,USD,KES,1066202.0,"1,011,825.51",0.05374097555615097,0.0
International Bank Transfer in Euros (EUR),"8.766,00 €",Kenya,yyy,USD,EUR,8766.0,"8,523.61",0.02843748130193655,0.0
International Bank Transfer in US Dollars (USD),"$10,000.00",Kenya,yyy,USD,USD,10000.0,10000,0.0,0.0
Domestic Bank Transfer in South Korean Won (KRW),"?11,310,000.00","Korea, Republic of",yyy,USD,KRW,11310000.0,"11,156,441.21",0.013764137426042072,0.0
MasterCard: Debit/Credit in KRW,"?11,756,000.00","Korea, Republic of",yyy,USD,KRW,11756000.0,"11,156,441.21",0.053741043287405005,0.0
VISA: Debit/Credit in KRW,"?11,756,000.00","Korea, Republic of",yyy,USD,KRW,11756000.0,"11,156,441.21",0.053741043287405005,0.0
UnionPay Card in KRW,"?11,562,000.00","Korea, Republic of",yyy,USD,KRW,11562000.0,"11,156,441.21",0.03635198558089288,0.0
International Bank Transfer in US Dollars (USD),"$10,030.00","Korea, Republic of",yyy,USD,USD,10030.0,10000,0.0,30.0
International Bank Transfer in Euros (EUR),"8.705,00 €","Korea, Republic of",yyy,USD,EUR,8705.0,"8,523.61",0.02128088920070245,0.0
International Bank Transfer in British Pounds (GBP),"£7,820.00","Korea, Republic of",yyy,USD,GBP,7820.0,"7,657.77",0.02118501861507979,0.0
MasterCard: Debit/Credit in KWD,"?.?3,198.000",Kuwait,yyy,USD,KWD,3198.0,"3,034.00",0.05405405405405406,0.0
VISA: Debit/Credit in KWD,"?.?3,198.000",Kuwait,yyy,USD,KWD,3198.0,"3,034.00",0.05405405405405406,0.0
International Bank Transfer in US Dollars (USD),"$10,000.00",Kuwait,yyy,USD,USD,10000.0,10000,0.0,0.0
Debit/Credit Card in KGS,"725,060.00 ??",Kyrgyzstan,yyy,USD,KGS,725060.0,"688,079.99",0.05374376604092209,0.0
International Bank Transfer in US Dollars (USD),"$10,000.00",Kyrgyzstan,yyy,USD,USD,10000.0,10000,0.0,0.0
International Bank Transfer in Euros (EUR),"8.694,00 €",Latvia,yyy,USD,EUR,8694.0,"8,523.61",0.019990356198840563,0.0
VISA: Debit/Credit in EUR,"8.852,00 €",Latvia,yyy,USD,EUR,8852.0,"8,523.61",0.03852710295285676,0.0
MasterCard: Debit/Credit in EUR,"8.852,00 €",Latvia,yyy,USD,EUR,8852.0,"8,523.61",0.03852710295285676,0.0
American Express in EUR,"8.852,00 €",Latvia,yyy,USD,EUR,8852.0,"8,523.61",0.03852710295285676,0.0
PayPal in EUR,"8.937,00 €",Latvia,yyy,USD,EUR,8937.0,"8,523.61",0.04849940342178952,0.0
Online Bank Transfer,"8.767,00 €",Latvia,yyy,USD,EUR,8767.0,"8,523.61",0.028554802483923995,0.0
International Bank Transfer in US Dollars (USD),"$10,000.00",Latvia,yyy,USD,USD,10000.0,10000,0.0,0.0
Debit/Credit Card in LBP,"£15,885,143.00",Lebanon,yyy,USD,LBP,15885143.0,"15,075,000.00",0.05374082918739635,0.0
International Bank Transfer in US Dollars (USD),"$10,000.00",Lebanon,yyy,USD,USD,10000.0,10000,0.0,0.0
Domestic Bank Transfer in Euros (EUR),"8.694,00 €",Lithuania,yyy,USD,EUR,8694.0,"8,523.61",0.019990356198840563,0.0
American Express in EUR,"8.852,00 €",Lithuania,yyy,USD,EUR,8852.0,"8,523.61",0.03852710295285676,0.0
PayPal in EUR,"8.937,00 €",Lithuania,yyy,USD,EUR,8937.0,"8,523.61",0.04849940342178952,0.0
Online Bank Transfer,"8.767,00 €",Lithuania,yyy,USD,EUR,8767.0,"8,523.61",0.028554802483923995,0.0
International Bank Transfer in US Dollars (USD),"$10,030.00",Lithuania,yyy,USD,USD,10030.0,10000,0.0,30.0
International Bank Transfer in British Pounds (GBP),"£7,809.00",Lithuania,yyy,USD,GBP,7809.0,"7,657.77",0.019748569100403845,0.0
Debit/Credit Card in MGA,"35,924,000.0 Ar",Madagascar,yyy,USD,MGA,35924000.0,"34,091,801.31",0.05374308835545649,0.0
International Bank Transfer in US Dollars (USD),"$10,000.00",Madagascar,yyy,USD,USD,10000.0,10000,0.0,0.0
Domestic Bank Transfer in Malaysian Ringgit (MYR),"RM42,210.00",Malaysia,yyy,USD,MYR,42210.0,"41,363.81",0.020457254783831626,0.0
MasterCard: Debit/Credit in MYR,"RM43,590.00",Malaysia,yyy,USD,MYR,43590.0,"41,363.81",0.05381975209730444,0.0
VISA: Debit/Credit in MYR,"RM43,590.00",Malaysia,yyy,USD,MYR,43590.0,"41,363.81",0.05381975209730444,0.0
UnionPay Card in MYR,"RM42,870.00",Malaysia,yyy,USD,MYR,42870.0,"41,363.81",0.03641323175984036,0.0
International Bank Transfer in US Dollars (USD),"$10,000.00",Malaysia,yyy,USD,USD,10000.0,10000,0.0,0.0
International Bank Transfer in British Pounds (GBP),"£7,875.00",Malaysia,yyy,USD,GBP,7875.0,"7,657.77",0.028367266188459507,0.0
International Bank Transfer in Euros (EUR),"8.767,00 €",Malaysia,yyy,USD,EUR,8767.0,"8,523.61",0.028554802483923995,0.0
VISA: Debit/Credit in MVR,"165,310.00 Rf",Maldives,yyy,USD,MVR,165310.0,"156,874.96",0.053769192992941695,0.0
MasterCard: Debit/Credit in MVR,"165,310.00 Rf",Maldives,yyy,USD,MVR,165310.0,"156,874.96",0.053769192992941695,0.0
International Bank Transfer in US Dollars (USD),"$10,000.00",Maldives,yyy,USD,USD,10000.0,10000,0.0,0.0
Domestic Bank Transfer in Euros (EUR),"8.691,00 €",Malta,yyy,USD,EUR,8691.0,"8,523.61",0.019638392652878228,0.0
VISA: Debit/Credit in EUR,"8.849,00 €",Malta,yyy,USD,EUR,8849.0,"8,523.61",0.038175139406894425,0.0
MasterCard: Debit/Credit in EUR,"8.849,00 €",Malta,yyy,USD,EUR,8849.0,"8,523.61",0.038175139406894425,0.0
American Express in EUR,"8.849,00 €",Malta,yyy,USD,EUR,8849.0,"8,523.61",0.038175139406894425,0.0
PayPal in EUR,"8.934,00 €",Malta,yyy,USD,EUR,8934.0,"8,523.61",0.04814743987582719,0.0
Online Bank Transfer,"8.764,00 €",Malta,yyy,USD,EUR,8764.0,"8,523.61",0.02820283893796166,0.0
International Bank Transfer in US Dollars (USD),"$10,000.00",Malta,yyy,USD,USD,10000.0,10000,0.0,0.0
MasterCard: Debit/Credit in MUR,"?364,131.00",Mauritius,yyy,USD,MUR,364131.0,"345,559.77",0.053742453874187905,0.0
VISA: Debit/Credit in MUR,"?364,131.00",Mauritius,yyy,USD,MUR,364131.0,"345,559.77",0.053742453874187905,0.0
Bank Transfer in Mauritian Rupee (MUR),"?352,613.00",Mauritius,yyy,USD,MUR,352613.0,"345,559.77",0.020411027591550893,0.0
International Bank Transfer in US Dollars (USD),"$10,000.00",Mauritius,yyy,USD,USD,10000.0,10000,0.0,0.0
International Bank Transfer in British Pounds (GBP),"£7,875.00",Mauritius,yyy,USD,GBP,7875.0,"7,658.81",0.028227622829133978,0.0
Domestic Bank Transfer in Mexican Pesos (MXN),"$195,920.00",Mexico,yyy,USD,MXN,195920.0,"189,061.94",0.036274143807050734,0.0
MasterCard: Debit/Credit in MXN,"$199,223.00",Mexico,yyy,USD,MXN,199223.0,"189,061.94",0.053744608777419704,0.0
VISA: Debit/Credit in MXN,"$199,223.00",Mexico,yyy,USD,MXN,199223.0,"189,061.94",0.053744608777419704,0.0
International Bank Transfer in US Dollars (USD),"$10,030.00",Mexico,yyy,USD,USD,10030.0,10000,0.0,30.0
International Bank Transfer in British Pounds (GBP),"£7,876.00",Mexico,yyy,USD,GBP,7876.0,"7,658.81",0.0283581914161599,0.0
Debit/Credit Card in MDL,"177,700.00 MDL","Moldova, Republic of",yyy,USD,MDL,177700.0,"168,630.02",0.0537862712700859,0.0
International Bank Transfer in US Dollars (USD),"$10,000.00","Moldova, Republic of",yyy,USD,USD,10000.0,10000,0.0,0.0
Domestic Bank Transfer in Euros (EUR),"8.759,00 €",Monaco,yyy,USD,EUR,8759.0,"8,523.61",0.02761623302802444,0.0
VISA: Debit/Credit in EUR,"8.843,00 €",Monaco,yyy,USD,EUR,8843.0,"8,523.61",0.03747121231496976,0.0
MasterCard: Debit/Credit in EUR,"8.843,00 €",Monaco,yyy,USD,EUR,8843.0,"8,523.61",0.03747121231496976,0.0
American Express in EUR,"8.843,00 €",Monaco,yyy,USD,EUR,8843.0,"8,523.61",0.03747121231496976,0.0
PayPal in EUR,"8.929,00 €",Monaco,yyy,USD,EUR,8929.0,"8,523.61",0.04756083396588997,0.0
International Bank Transfer in US Dollars (USD),"$10,030.00",Monaco,yyy,USD,USD,10030.0,10000,0.0,30.0
Debit/Credit Card in MNT,"26,288,400.00 ?",Mongolia,yyy,USD,MNT,26288400.0,"24,947,608.98",0.05374426948389663,0.0
International Bank Transfer in US Dollars (USD),"$10,000.00",Mongolia,yyy,USD,USD,10000.0,10000,0.0,0.0
Domestic Bank Transfer in Euros (EUR),"8.765,00 €",Montenegro,yyy,USD,EUR,8765.0,"8,523.61",0.028320160119949107,0.0
VISA: Debit/Credit in EUR,"8.850,00 €",Montenegro,yyy,USD,EUR,8850.0,"8,523.61",0.03829246058888187,0.0
MasterCard: Debit/Credit in EUR,"8.850,00 €",Montenegro,yyy,USD,EUR,8850.0,"8,523.61",0.03829246058888187,0.0
American Express in EUR,"8.850,00 €",Montenegro,yyy,USD,EUR,8850.0,"8,523.61",0.03829246058888187,0.0
PayPal in EUR,"8.935,00 €",Montenegro,yyy,USD,EUR,8935.0,"8,523.61",0.04826476105781463,0.0
International Bank Transfer in US Dollars (USD),"$10,030.00",Montenegro,yyy,USD,USD,10030.0,10000,0.0,30.0
MasterCard: Debit/Credit in MAD,"98,799.00 ?.?.",Morocco,yyy,USD,MAD,98799.0,"93,760.20",0.053741352940800076,0.0
VISA: Debit/Credit in MAD,"98,799.00 ?.?.",Morocco,yyy,USD,MAD,98799.0,"93,760.20",0.053741352940800076,0.0
International Bank Transfer in US Dollars (USD),"$10,000.00",Morocco,yyy,USD,USD,10000.0,10000,0.0,0.0
Debit/Credit Card in MZN,"MTn641.000,00",Mozambique,yyy,USD,MZN,641000.0,"608,287.51",0.053778007048015816,0.0
International Bank Transfer in US Dollars (USD),"$10,000.00",Mozambique,yyy,USD,USD,10000.0,10000,0.0,0.0
Debit/Credit Card in MMK,"17,153,000.00 K",Myanmar,yyy,USD,MMK,17153000.0,"16,277,961.97",0.05375599424625018,0.0
International Bank Transfer in US Dollars (USD),"$10,000.00",Myanmar,yyy,USD,USD,10000.0,10000,0.0,0.0
VISA: Debit/Credit in NAD,"151,352.00 N$",Namibia,yyy,USD,NAD,151352.0,"143,632.42",0.05374538700942299,0.0
Mastercard: Debit/Credit in NAD,"151,352.00 N$",Namibia,yyy,USD,NAD,151352.0,"143,632.42",0.05374538700942299,0.0
MasterCard: Debit/Credit in ZAR,"R150,559.00",Namibia,yyy,USD,ZAR,150559.0,"143,632.42",0.04822434934954091,0.0
VISA: Debit/Credit in ZAR,"R150,559.00",Namibia,yyy,USD,ZAR,150559.0,"143,632.42",0.04822434934954091,0.0
International Bank Transfer in US Dollars (USD),"$10,000.00",Namibia,yyy,USD,USD,10000.0,10000,0.0,0.0
International Bank Transfer in South African Rand (ZAR),"R147,694.00",Namibia,yyy,USD,ZAR,147694.0,"143,632.42",0.028277599165982072,0.0
MasterCard: Debit/Credit in NPR,"?1,224,930.00",Nepal,yyy,USD,NPR,1224930.0,"1,162,455.67",0.05374340855509791,0.0
VISA: Debit/Credit in NPR,"?1,224,930.00",Nepal,yyy,USD,NPR,1224930.0,"1,162,455.67",0.05374340855509791,0.0
International Bank Transfer in US Dollars (USD),"$10,000.00",Nepal,yyy,USD,USD,10000.0,10000,0.0,0.0
Online Bank Transfer,"8.766,00 €",Netherlands,yyy,USD,EUR,8766.0,"8,523.61",0.02843748130193655,0.0
Domestic Bank Transfer in Euros (EUR),"8.766,00 €",Netherlands,yyy,USD,EUR,8766.0,"8,523.61",0.02843748130193655,0.0
VISA: Debit/Credit in EUR,"8.851,00 €",Netherlands,yyy,USD,EUR,8851.0,"8,523.61",0.03840978177086932,0.0
MasterCard: Debit/Credit in EUR,"8.851,00 €",Netherlands,yyy,USD,EUR,8851.0,"8,523.61",0.03840978177086932,0.0
American Express in EUR,"8.851,00 €",Netherlands,yyy,USD,EUR,8851.0,"8,523.61",0.03840978177086932,0.0
PayPal in EUR,"8.936,00 €",Netherlands,yyy,USD,EUR,8936.0,"8,523.61",0.04838208223980208,0.0
International Bank Transfer in US Dollars (USD),"$10,030.00",Netherlands,yyy,USD,USD,10030.0,10000,0.0,30.0
Domestic Bank Transfer in New Zealand Dollar (NZD),"$15,420.00",New Zealand,yyy,USD,NZD,15420.0,"14,957.00",0.030955405495754495,0.0
VISA: Debit/Credit in NZD,"$15,679.00",New Zealand,yyy,USD,NZD,15679.0,"14,957.00",0.04827171224175971,0.0
MasterCard: Debit/Credit in NZD,"$15,679.00",New Zealand,yyy,USD,NZD,15679.0,"14,957.00",0.04827171224175971,0.0
International Bank Transfer in US Dollars (USD),"$10,000.00",New Zealand,yyy,USD,USD,10000.0,10000,0.0,0.0
International Bank Transfer in British Pounds (GBP),"£7,873.00",New Zealand,yyy,USD,GBP,7873.0,"7,656.37",0.02829408714573618,0.0
VISA: Debit/Credit in NIO,"340,100.00 C$",Nicaragua,yyy,USD,NIO,340100.0,"322,750.02",0.0537567123930774,0.0
MasterCard: Debit/Credit in NIO,"340,100.00 C$",Nicaragua,yyy,USD,NIO,340100.0,"322,750.02",0.0537567123930774,0.0
International Bank Transfer in US Dollars (USD),"$10,000.00",Nicaragua,yyy,USD,USD,10000.0,10000,0.0,0.0
Debit/Credit Card in XOF,"5,892,300.00 CFA",Niger,yyy,USD,XOF,5892300.0,"5,592,420.48",0.05362249156200779,0.0
International Bank Transfer in US Dollars (USD),"$10,000.00",Niger,yyy,USD,USD,10000.0,10000,0.0,0.0
Online Bank Transfer in NGN,"3,840,426.00 ?",Nigeria,yyy,USD,NGN,3840426.0,"3,632,090.64",0.05735962580493307,0.0
Debit/Credit Card in NGN,"3,840,426.00 ?",Nigeria,yyy,USD,NGN,3840426.0,"3,632,090.64",0.05735962580493307,0.0
International Bank Transfer in US Dollars (USD),"$10,000.00",Nigeria,yyy,USD,USD,10000.0,10000,0.0,0.0
International Bank Transfer in Euros (EUR),"8.767,00 €",Nigeria,yyy,USD,EUR,8767.0,"8,523.61",0.028554802483923995,0.0
Domestic Bank Transfer in Norwegian Krone (NOK),"kr83.928,00",Norway,yyy,USD,NOK,83928.0,"81,619.69",0.028281288497910218,0.0
VISA: Debit/Credit in NOK,"kr84.739,00",Norway,yyy,USD,NOK,84739.0,"81,619.69",0.03821761636193421,0.0
MasterCard: Debit/Credit in NOK,"kr84.739,00",Norway,yyy,USD,NOK,84739.0,"81,619.69",0.03821761636193421,0.0
American Express in NOK,"kr84.739,00",Norway,yyy,USD,NOK,84739.0,"81,619.69",0.03821761636193421,0.0
Online Bank Transfer,"kr83.928,00",Norway,yyy,USD,NOK,83928.0,"81,619.69",0.028281288497910218,0.0
International Bank Transfer in US Dollars (USD),"$10,030.00",Norway,yyy,USD,USD,10030.0,10000,0.0,30.0
MasterCard: Debit/Credit in OMR,"?.?.4,052.000",Oman,yyy,USD,OMR,4052.0,"3,845.00",0.053836150845253575,0.0
VISA: Debit/Credit in OMR,"?.?.4,052.000",Oman,yyy,USD,OMR,4052.0,"3,845.00",0.053836150845253575,0.0
International Bank Transfer in US Dollars (USD),"$10,000.00",Oman,yyy,USD,USD,10000.0,10000,0.0,0.0
MasterCard: Debit/Credit in PKR,"?1,314,090.00",Pakistan,yyy,USD,PKR,1314090.0,"1,247,068.05",0.053743618882706484,0.0
VISA: Debit/Credit in PKR,"?1,314,090.00",Pakistan,yyy,USD,PKR,1314090.0,"1,247,068.05",0.053743618882706484,0.0
UnionPay Card in PKR,"?1,292,300.00",Pakistan,yyy,USD,PKR,1292300.0,"1,247,068.05",0.03627063495051449,0.0
International Bank Transfer in US Dollars (USD),"$10,000.00",Pakistan,yyy,USD,USD,10000.0,10000,0.0,0.0
International Bank Transfer in US Dollars (USD),"$10,000.00",Panama,yyy,USD,USD,10000.0,10000,0.0,0.0
MasterCard: Debit/Credit in PGK,"35,011.00 K",Papua New Guinea,yyy,USD,PGK,35011.0,"33,225.02",0.0537540684700868,0.0
Visa: Debit/Credit in PGK,"35,011.00 K",Papua New Guinea,yyy,USD,PGK,35011.0,"33,225.02",0.0537540684700868,0.0
International Bank Transfer in US Dollars (USD),"$10,000.00",Papua New Guinea,yyy,USD,USD,10000.0,10000,0.0,0.0
Domestic Bank Transfer in New Zealand Dollar (NZD),"$15,252.00",Papua New Guinea,yyy,USD,NZD,15252.0,"14,957.00",0.019723206525372735,0.0
MasterCard: Debit/Credit in PYG,"?61,881,700.00",Paraguay,yyy,USD,PYG,61881700.0,"58,725,669.51",0.053741924380488894,0.0
VISA: Debit/Credit in PYG,"?61,881,700.00",Paraguay,yyy,USD,PYG,61881700.0,"58,725,669.51",0.053741924380488894,0.0
International Bank Transfer in US Dollars (USD),"$10,000.00",Paraguay,yyy,USD,USD,10000.0,10000,0.0,0.0
MasterCard: Debit/Credit in PEN,"S/.34,951.00",Peru,yyy,USD,PEN,34951.0,"33,167.65",0.053767752614369675,0.0
VISA: Debit/Credit in PEN,"S/.34,951.00",Peru,yyy,USD,PEN,34951.0,"33,167.65",0.053767752614369675,0.0
International Bank Transfer in US Dollars (USD),"$10,000.00",Peru,yyy,USD,USD,10000.0,10000,0.0,0.0
International Bank Transfer in British Pounds (GBP),"£7,876.00",Peru,yyy,USD,GBP,7876.0,"7,658.82",0.02835684870515305,0.0
International Bank Transfer in Euros (EUR),"8.756,00 €",Peru,yyy,USD,EUR,8756.0,"8,523.61",0.027264269482062106,0.0
MasterCard: Debit/Credit in PHP,"?571,888.00",Philippines,yyy,USD,PHP,571888.0,"542,720.97",0.05374222042682454,0.0
VISA: Debit/Credit in PHP,"?571,888.00",Philippines,yyy,USD,PHP,571888.0,"542,720.97",0.05374222042682454,0.0
UnionPay Card in PHP,"?562,406.00",Philippines,yyy,USD,PHP,562406.0,"542,720.97",0.03627099575680672,0.0
International Bank Transfer in US Dollars (USD),"$10,000.00",Philippines,yyy,USD,USD,10000.0,10000,0.0,0.0
Bank Transfer from a Polish Z?oty (PLN) Account,"37,944.00 z?",Poland,yyy,USD,PLN,37944.0,"36,717.72",0.033397498537490855,0.0
MasterCard: Debit/Credit in PLN,"38,683.00 z?",Poland,yyy,USD,PLN,38683.0,"36,717.72",0.05352402055465314,0.0
VISA: Debit/Credit in PLN,"38,683.00 z?",Poland,yyy,USD,PLN,38683.0,"36,717.72",0.05352402055465314,0.0
Online Bank Transfer,"37,944.00 z?",Poland,yyy,USD,PLN,37944.0,"36,717.72",0.033397498537490855,0.0
International Bank Transfer in US Dollars (USD),"$10,000.00",Poland,yyy,USD,USD,10000.0,10000,0.0,0.0
American Express in EUR,"8.841,00 €",Poland,yyy,USD,EUR,8841.0,"8,523.61",0.03723656995099487,0.0
International Bank Transfer in British Pounds (GBP),"£7,876.00",Poland,yyy,USD,GBP,7876.0,"7,658.31",0.028425331437353617,0.0
Domestic Bank Transfer in Euros (EUR),"8.759,00 €",Portugal,yyy,USD,EUR,8759.0,"8,523.61",0.02761623302802444,0.0
VISA: Debit/Credit in EUR,"8.844,00 €",Portugal,yyy,USD,EUR,8844.0,"8,523.61",0.037588533496957205,0.0
MasterCard: Debit/Credit in EUR,"8.844,00 €",Portugal,yyy,USD,EUR,8844.0,"8,523.61",0.037588533496957205,0.0
American Express in EUR,"8.844,00 €",Portugal,yyy,USD,EUR,8844.0,"8,523.61",0.037588533496957205,0.0
PayPal in EUR,"8.929,00 €",Portugal,yyy,USD,EUR,8929.0,"8,523.61",0.04756083396588997,0.0
Online Bank Transfer,"8.759,00 €",Portugal,yyy,USD,EUR,8759.0,"8,523.61",0.02761623302802444,0.0
International Bank Transfer in US Dollars (USD),"$10,030.00",Portugal,yyy,USD,USD,10030.0,10000,0.0,30.0
Debit/Credit Card in AFN,"799,325.00 ?",Puerto Rico,yyy,USD,AFN,799325.0,"758,558.49",0.05374207861018075,0.0
International Bank Transfer in US Dollars (USD),"$10,000.00",Puerto Rico,yyy,USD,USD,10000.0,10000,0.0,0.0
Bank Transfer in Qatari Riyal (QAR),"37,449.00 ?.?",Qatar,yyy,USD,QAR,37449.0,"36,400.00",0.02881868131868132,0.0
MasterCard: Debit/Credit in QAR,"38,357.00 ?.?",Qatar,yyy,USD,QAR,38357.0,"36,400.00",0.05376373626373626,0.0
VISA: Debit/Credit in QAR,"38,357.00 ?.?",Qatar,yyy,USD,QAR,38357.0,"36,400.00",0.05376373626373626,0.0
International Bank Transfer in US Dollars (USD),"$10,000.00",Qatar,yyy,USD,USD,10000.0,10000,0.0,0.0
International Bank Transfer in British Pounds (GBP),"£7,875.00",Qatar,yyy,USD,GBP,7875.0,"7,657.91",0.028348465834672928,0.0
International Bank Transfer in Euros (EUR),"8.764,00 €",Reunion,yyy,USD,EUR,8764.0,"8,523.61",0.02820283893796166,0.0
International Bank Transfer in US Dollars (USD),"$10,000.00",Reunion,yyy,USD,USD,10000.0,10000,0.0,0.0
Bank Transfer in Romanian Leu (RON),"RON41.043,00",Romania,yyy,USD,RON,41043.0,"39,708.58",0.03360533164369006,0.0
MasterCard: Debit/Credit in RON,"RON41.843,00",Romania,yyy,USD,RON,41843.0,"39,708.58",0.05375211100472488,0.0
VISA: Debit/Credit in RON,"RON41.843,00",Romania,yyy,USD,RON,41843.0,"39,708.58",0.05375211100472488,0.0
Online Bank Transfer,"RON41.043,00",Romania,yyy,USD,RON,41043.0,"39,708.58",0.03360533164369006,0.0
International Bank Transfer in Euros (EUR),"8.764,00 €",Romania,yyy,USD,EUR,8764.0,"8,523.61",0.02820283893796166,0.0
International Bank Transfer in US Dollars (USD),"$10,000.00",Romania,yyy,USD,USD,10000.0,10000,0.0,0.0
American Express in EUR,"8.848,00 €",Romania,yyy,USD,EUR,8848.0,"8,523.61",0.03805781822490698,0.0
International Bank Transfer in British Pounds (GBP),"£7,875.00",Romania,yyy,USD,GBP,7875.0,"7,657.91",0.028348465834672928,0.0
MasterCard: Debit/Credit in RUB,"702.224,00 ???",Russian Federation,yyy,USD,RUB,702224.0,"666,409.78",0.053742038419664205,0.0
VISA: Debit/Credit in RUB,"702.224,00 ???",Russian Federation,yyy,USD,RUB,702224.0,"666,409.78",0.053742038419664205,0.0
International Bank Transfer in US Dollars (USD),"$10,000.00",Russian Federation,yyy,USD,USD,10000.0,10000,0.0,0.0
International Bank Transfer in Euros (EUR),"8.764,00 €",Russian Federation,yyy,USD,EUR,8764.0,"8,523.61",0.02820283893796166,0.0
International Bank Transfer in British Pounds (GBP),"£7,875.00",Russian Federation,yyy,USD,GBP,7875.0,"7,657.91",0.028348465834672928,0.0
Debit/Credit Card in RWF,"9,150,600.00 FRw",Rwanda,yyy,USD,RWF,9150600.0,"8,683,888.37",0.05374454508332203,0.0
International Bank Transfer in US Dollars (USD),"$10,000.00",Rwanda,yyy,USD,USD,10000.0,10000,0.0,0.0
MasterCard: Debit/Credit in XCD,"$28,500.00",Saint Vincent and the Grenadines,yyy,USD,XCD,28500.0,"27,039.12",0.05402838553917439,0.0
VISA: Debit/Credit in XCD,"$28,500.00",Saint Vincent and the Grenadines,yyy,USD,XCD,28500.0,"27,039.12",0.05402838553917439,0.0
International Bank Transfer in US Dollars (USD),"$10,000.00",Saint Vincent and the Grenadines,yyy,USD,USD,10000.0,10000,0.0,0.0
Bank Transfer in Saudi Riyal (SAR),"?.?38,581.00",Saudi Arabia,yyy,USD,SAR,38581.0,"37,500.00",0.028826666666666667,0.0
MasterCard: Debit/Credit in SAR,"?.?39,516.00",Saudi Arabia,yyy,USD,SAR,39516.0,"37,500.00",0.05376,0.0
VISA: Debit/Credit in SAR,"?.?39,516.00",Saudi Arabia,yyy,USD,SAR,39516.0,"37,500.00",0.05376,0.0
International Bank Transfer in US Dollars (USD),"$10,000.00",Saudi Arabia,yyy,USD,USD,10000.0,10000,0.0,0.0
International Bank Transfer in British Pounds (GBP),"£7,875.00",Saudi Arabia,yyy,USD,GBP,7875.0,"7,657.84",0.028357865925639585,0.0
Debit/Credit Card in XOF,"5,891,600.00 CFA",Senegal,yyy,USD,XOF,5891600.0,"5,591,097.92",0.05374652426048015,0.0
International Bank Transfer in US Dollars (USD),"$10,000.00",Senegal,yyy,USD,USD,10000.0,10000,0.0,0.0
VISA: Debit/Credit in RSD,"???1,060,400.00",Serbia,yyy,USD,RSD,1060400.0,"1,006,253.20",0.053810313348568777,0.0
Mastercard: Debit/Credit in RSD,"???1,060,400.00",Serbia,yyy,USD,RSD,1060400.0,"1,006,253.20",0.053810313348568777,0.0
International Bank Transfer in US Dollars (USD),"$10,000.00",Serbia,yyy,USD,USD,10000.0,10000,0.0,0.0
International Bank Transfer in Euros (EUR),"8.765,00 €",Serbia,yyy,USD,EUR,8765.0,"8,523.61",0.028320160119949107,0.0
MasterCard,"146,492.00 ?",Seychelles,yyy,USD,SCR,146492.0,"139,020.21",0.05374607044544105,0.0
VISA,"146,492.00 ?",Seychelles,yyy,USD,SCR,146492.0,"139,020.21",0.05374607044544105,0.0
International Bank Transfer in US Dollars (USD),"$10,000.00",Seychelles,yyy,USD,USD,10000.0,10000,0.0,0.0
Bank Transfer in Singapore Dollar(SGD),"S$14,017.00",Singapore,yyy,USD,SGD,14017.0,"13,665.65",0.02571044919195211,0.0
American Express in SGD,"S$14,017.00",Singapore,yyy,USD,SGD,14017.0,"13,665.65",0.02571044919195211,0.0
VISA: Debit/Credit in SGD,"S$14,325.00",Singapore,yyy,USD,SGD,14325.0,"13,665.65",0.04824871118461254,0.0
MasterCard: Debit/Credit in SGD,"S$14,325.00",Singapore,yyy,USD,SGD,14325.0,"13,665.65",0.04824871118461254,0.0
International Bank Transfer in Euros (EUR),"8.765,00 €",Singapore,yyy,USD,EUR,8765.0,"8,523.61",0.028320160119949107,0.0
International Bank Transfer in US Dollars (USD),"$10,030.00",Singapore,yyy,USD,USD,10030.0,10000,0.0,30.0
Domestic Bank Transfer in Euros (EUR),"8.766,00 €",Slovakia,yyy,USD,EUR,8766.0,"8,523.61",0.02843748130193655,0.0
VISA: Debit/Credit in EUR,"8.851,00 €",Slovakia,yyy,USD,EUR,8851.0,"8,523.61",0.03840978177086932,0.0
MasterCard: Debit/Credit in EUR,"8.851,00 €",Slovakia,yyy,USD,EUR,8851.0,"8,523.61",0.03840978177086932,0.0
American Express in EUR,"8.851,00 €",Slovakia,yyy,USD,EUR,8851.0,"8,523.61",0.03840978177086932,0.0
PayPal in EUR,"8.936,00 €",Slovakia,yyy,USD,EUR,8936.0,"8,523.61",0.04838208223980208,0.0
Online Bank Transfer,"8.766,00 €",Slovakia,yyy,USD,EUR,8766.0,"8,523.61",0.02843748130193655,0.0
International Bank Transfer in US Dollars (USD),"$10,000.00",Slovakia,yyy,USD,USD,10000.0,10000,0.0,0.0
Domestic Bank Transfer in Euros (EUR),"8.766,00 €",Slovenia,yyy,USD,EUR,8766.0,"8,523.61",0.02843748130193655,0.0
VISA: Debit/Credit in EUR,"8.851,00 €",Slovenia,yyy,USD,EUR,8851.0,"8,523.61",0.03840978177086932,0.0
MasterCard: Debit/Credit in EUR,"8.851,00 €",Slovenia,yyy,USD,EUR,8851.0,"8,523.61",0.03840978177086932,0.0
American Express in EUR,"8.851,00 €",Slovenia,yyy,USD,EUR,8851.0,"8,523.61",0.03840978177086932,0.0
PayPal in EUR,"8.936,00 €",Slovenia,yyy,USD,EUR,8936.0,"8,523.61",0.04838208223980208,0.0
Online Bank Transfer,"8.766,00 €",Slovenia,yyy,USD,EUR,8766.0,"8,523.61",0.02843748130193655,0.0
International Bank Transfer in US Dollars (USD),"$10,030.00",Slovenia,yyy,USD,USD,10030.0,10000,0.0,30.0
Debit/Credit Card in SOS,"6,085,400.00 Sh",Somalia,yyy,USD,SOS,6085400.0,"5,774,971.44",0.05375412904206494,0.0
International Bank Transfer in US Dollars (USD),"$10,000.00",Somalia,yyy,USD,USD,10000.0,10000,0.0,0.0
Bank Transfer in South African Rand (ZAR),"R148,857.00",South Africa,yyy,USD,ZAR,148857.0,"143,646.49",0.03627314527490376,0.0
VISA: Debit/Credit in ZAR,"R150,573.00",South Africa,yyy,USD,ZAR,150573.0,"143,646.49",0.04821913852541757,0.0
MasterCard: Debit/Credit in ZAR,"R150,573.00",South Africa,yyy,USD,ZAR,150573.0,"143,646.49",0.04821913852541757,0.0
American Express in ZAR,"R150,573.00",South Africa,yyy,USD,ZAR,150573.0,"143,646.49",0.04821913852541757,0.0
International Bank Transfer in Euros (EUR),"8.761,00 €",South Africa,yyy,USD,EUR,8761.0,"8,523.61",0.02785087539199933,0.0
International Bank Transfer in US Dollars (USD),"$10,000.00",South Africa,yyy,USD,USD,10000.0,10000,0.0,0.0
International Bank Transfer in British Pounds (GBP),"£7,875.00",South Africa,yyy,USD,GBP,7875.0,"7,657.81",0.02836189458866172,0.0
Domestic Bank Transfer in Euros (EUR),"8.761,00 €",Spain,yyy,USD,EUR,8761.0,"8,523.61",0.02785087539199933,0.0
VISA: Debit/Credit in EUR,"8.845,00 €",Spain,yyy,USD,EUR,8845.0,"8,523.61",0.03770585467894465,0.0
MasterCard: Debit/Credit in EUR,"8.845,00 €",Spain,yyy,USD,EUR,8845.0,"8,523.61",0.03770585467894465,0.0
American Express in EUR,"8.845,00 €",Spain,yyy,USD,EUR,8845.0,"8,523.61",0.03770585467894465,0.0
PayPal in EUR,"8.930,00 €",Spain,yyy,USD,EUR,8930.0,"8,523.61",0.04767815514787741,0.0
Online Bank Transfer,"8.761,00 €",Spain,yyy,USD,EUR,8761.0,"8,523.61",0.02785087539199933,0.0
International Bank Transfer in US Dollars (USD),"$10,030.00",Spain,yyy,USD,USD,10030.0,10000,0.0,30.0
MasterCard: Debit/Credit in LKR,"1,777,400.00 ?",Sri Lanka,yyy,USD,LKR,1777400.0,"1,686,748.31",0.05374345980521536,0.0
VISA: Debit/Credit in LKR,"1,777,400.00 ?",Sri Lanka,yyy,USD,LKR,1777400.0,"1,686,748.31",0.05374345980521536,0.0
International Bank Transfer in US Dollars (USD),"$10,000.00",Sri Lanka,yyy,USD,USD,10000.0,10000,0.0,0.0
VISA: Debit/Credit in SRD,"78,341.00 $",Suriname,yyy,USD,SRD,78341.0,"74,344.72",0.05375338019969675,0.0
MasterCard: Debit/Credit in SRD,"78,341.00 $",Suriname,yyy,USD,SRD,78341.0,"74,344.72",0.05375338019969675,0.0
International Bank Transfer in US Dollars (USD),"$10,000.00",Suriname,yyy,USD,USD,10000.0,10000,0.0,0.0
Domestic Bank Transfer in Swedish Krona (SEK),"kr90,651.00",Sweden,yyy,USD,SEK,90651.0,"88,157.61",0.02828332120165235,0.0
VISA: Debit/Credit in SEK,"kr91,526.00",Sweden,yyy,USD,SEK,91526.0,"88,157.61",0.03820872639355807,0.0
MasterCard: Debit/Credit in SEK,"kr91,526.00",Sweden,yyy,USD,SEK,91526.0,"88,157.61",0.03820872639355807,0.0
Online Bank Transfer,"kr90,651.00",Sweden,yyy,USD,SEK,90651.0,"88,157.61",0.02828332120165235,0.0
International Bank Transfer in US Dollars (USD),"$10,030.00",Sweden,yyy,USD,USD,10030.0,10000,0.0,30.0
American Express in EUR,"8.845,00 €",Sweden,yyy,USD,EUR,8845.0,"8,523.61",0.03770585467894465,0.0
Domestic Bank Transfer in Swiss Francs (CHF),"Fr9,870.00",Switzerland,yyy,USD,CHF,9870.0,"9,598.26",0.028311381437885592,0.0
VISA: Debit/Credit in CHF,"Fr10,062.00",Switzerland,yyy,USD,CHF,10062.0,"9,598.26",0.04831500709503595,0.0
MasterCard: Debit/Credit in CHF,"Fr10,062.00",Switzerland,yyy,USD,CHF,10062.0,"9,598.26",0.04831500709503595,0.0
International Bank Transfer in US Dollars (USD),"$10,030.00",Switzerland,yyy,USD,USD,10030.0,10000,0.0,30.0
International Bank Transfer in Euros (EUR),"8.763,00 €",Switzerland,yyy,USD,EUR,8763.0,"8,523.61",0.028085517755974218,0.0
Domestic Bank Transfer in Swiss Francs (CHF),"Fr9,870.00",Syrian Arab Republic,yyy,USD,CHF,9870.0,"9,598.26",0.028311381437885592,0.0
VISA: Debit/Credit in CHF,"Fr10,062.00",Syrian Arab Republic,yyy,USD,CHF,10062.0,"9,598.26",0.04831500709503595,0.0
MasterCard: Debit/Credit in CHF,"Fr10,062.00",Syrian Arab Republic,yyy,USD,CHF,10062.0,"9,598.26",0.04831500709503595,0.0
International Bank Transfer in US Dollars (USD),"$10,030.00",Syrian Arab Republic,yyy,USD,USD,10030.0,10000,0.0,30.0
International Bank Transfer in Euros (EUR),"8.763,00 €",Syrian Arab Republic,yyy,USD,EUR,8763.0,"8,523.61",0.028085517755974218,0.0
MasterCard: Debit/Credit in TWD,"323,805.00 NT$",Taiwan,yyy,USD,TWD,323805.0,"307,290.17",0.05374343735108747,0.0
VISA: Debit/Credit in TWD,"323,805.00 NT$",Taiwan,yyy,USD,TWD,323805.0,"307,290.17",0.05374343735108747,0.0
International Bank Transfer in US Dollars (USD),"$10,000.00",Taiwan,yyy,USD,USD,10000.0,10000,0.0,0.0
International Bank Transfer in Euros (EUR),"8.763,00 €",Taiwan,yyy,USD,EUR,8763.0,"8,523.61",0.028085517755974218,0.0
International Bank Transfer in British Pounds (GBP),"£7,875.00",Taiwan,yyy,USD,GBP,7875.0,"7,657.79",0.028364580381546118,0.0
Debit/Credit Card in TJS,"99,290.00 TJS",Tajikistan,yyy,USD,TJS,99290.0,"94,226.00",0.053743128223632544,0.0
International Bank Transfer in US Dollars (USD),"$10,000.00",Tajikistan,yyy,USD,USD,10000.0,10000,0.0,0.0
Debit/Credit Card in TZS,"Sh24,062,300.00","Tanzania, United Republic of",yyy,USD,TZS,24062300.0,"22,835,098.31",0.05374190526092819,0.0
International Bank Transfer in US Dollars (USD),"$10,000.00","Tanzania, United Republic of",yyy,USD,USD,10000.0,10000,0.0,0.0
Bank Transfer in Thai Baht (THB),"?333,367.00",Thailand,yyy,USD,THB,333367.0,"325,365.52",0.024592280091633497,0.0
MasterCard: Debit/Credit in THB,"?342,851.00",Thailand,yyy,USD,THB,342851.0,"325,365.52",0.05374103562049224,0.0
VISA: Debit/Credit in THB,"?342,851.00",Thailand,yyy,USD,THB,342851.0,"325,365.52",0.05374103562049224,0.0
UnionPay Card in THB,"?337,167.00",Thailand,yyy,USD,THB,337167.0,"325,365.52",0.03627145248826606,0.0
International Bank Transfer in US Dollars (USD),"$10,000.00",Thailand,yyy,USD,USD,10000.0,10000,0.0,0.0
International Bank Transfer in British Pounds (GBP),"£7,875.00",Thailand,yyy,USD,GBP,7875.0,"7,657.78",0.028365923283249227,0.0
VISA: Debit/Credit in TTD,"71,508.00 TT$",Trinidad and Tobago,yyy,USD,TTD,71508.0,"67,860.88",0.05374407169491458,0.0
Mastercard: Debit/Credit in TTD,"71,508.00 TT$",Trinidad and Tobago,yyy,USD,TTD,71508.0,"67,860.88",0.05374407169491458,0.0
International Bank Transfer in US Dollars (USD),"$10,000.00",Trinidad and Tobago,yyy,USD,USD,10000.0,10000,0.0,0.0
International Bank Transfer in Canadian Dollars (CAD),"$13,262.00",Trinidad and Tobago,yyy,USD,CAD,13262.0,"12,930.07",0.025671168060188404,0.0
VISA: Debit/Credit in TND,"29,275.000 dt",Tunisia,yyy,USD,TND,29275.0,"27,781.55",0.053756899813005424,0.0
MasterCard: Debit/Credit in TND,"29,275.000 dt",Tunisia,yyy,USD,TND,29275.0,"27,781.55",0.053756899813005424,0.0
International Bank Transfer in Euros (EUR),"8.764,00 €",Tunisia,yyy,USD,EUR,8764.0,"8,523.61",0.02820283893796166,0.0
International Bank Transfer in US Dollars (USD),"$10,000.00",Tunisia,yyy,USD,USD,10000.0,10000,0.0,0.0
International Bank Transfer in British Pounds (GBP),"£7,875.00",Tunisia,yyy,USD,GBP,7875.0,"7,657.78",0.028365923283249227,0.0
Domestic Bank Transfer in Turkish Lira (TRY),"64,882.00 TL",Turkey,yyy,USD,TRY,64882.0,"63,097.58",0.028280323904656852,0.0
MasterCard: Debit/Credit in TRY,"66,489.00 TL",Turkey,yyy,USD,TRY,66489.0,"63,097.58",0.053748812553508364,0.0
VISA: Debit/Credit in TRY,"66,489.00 TL",Turkey,yyy,USD,TRY,66489.0,"63,097.58",0.053748812553508364,0.0
International Bank Transfer in US Dollars (USD),"$10,030.00",Turkey,yyy,USD,USD,10030.0,10000,0.0,30.0
International Bank Transfer in Euros (EUR),"8.764,00 €",Turkey,yyy,USD,EUR,8764.0,"8,523.61",0.02820283893796166,0.0
International Bank Transfer in US Dollars (USD),"$10,000.00",Turkmenistan,yyy,USD,USD,10000.0,10000,0.0,0.0
Debit/Credit Card in UGX,"40,060,000.00 USh",Uganda,yyy,USD,UGX,40060000.0,"38,016,398.86",0.0537557791185275,0.0
International Bank Transfer in US Dollars (USD),"$10,000.00",Uganda,yyy,USD,USD,10000.0,10000,0.0,0.0
Debit/Credit Card in UAH,"297,070.00 ?",Ukraine,yyy,USD,UAH,297070.0,"281,919.05",0.05374220011027993,0.0
International Bank Transfer in Euros (EUR),"8.764,00 €",Ukraine,yyy,USD,EUR,8764.0,"8,523.61",0.02820283893796166,0.0
VISA: Debit/Credit in EUR,"8.849,00 €",Ukraine,yyy,USD,EUR,8849.0,"8,523.61",0.038175139406894425,0.0
MasterCard: Debit/Credit in EUR,"8.849,00 €",Ukraine,yyy,USD,EUR,8849.0,"8,523.61",0.038175139406894425,0.0
International Bank Transfer in US Dollars (USD),"$10,000.00",Ukraine,yyy,USD,USD,10000.0,10000,0.0,0.0
Bank Transfer in Emirati Dirham (AED),"?.?37,399.00",United Arab Emirates,yyy,USD,AED,37399.0,"36,725.00",0.018352620830496935,0.0
Debit/Credit Card in AED,"?.?38,699.00",United Arab Emirates,yyy,USD,AED,38699.0,"36,725.00",0.05375085091899251,0.0
VISA: Debit/Credit in AED,"?.?38,699.00",United Arab Emirates,yyy,USD,AED,38699.0,"36,725.00",0.05375085091899251,0.0
MasterCard: Debit/Credit in AED,"?.?38,699.00",United Arab Emirates,yyy,USD,AED,38699.0,"36,725.00",0.05375085091899251,0.0
American Express in AED,"?.?38,699.00",United Arab Emirates,yyy,USD,AED,38699.0,"36,725.00",0.05375085091899251,0.0
International Bank Transfer in US Dollars (USD),"$10,000.00",United Arab Emirates,yyy,USD,USD,10000.0,10000,0.0,0.0
International Bank Transfer in British Pounds (GBP),"£7,875.00",United Arab Emirates,yyy,USD,GBP,7875.0,"7,657.78",0.028365923283249227,0.0
Domestic Bank Transfer in British Pounds (GBP),"£7,875.00",United Kingdom,yyy,USD,GBP,7875.0,"7,657.78",0.028365923283249227,0.0
VISA: Debit/Credit in GBP,"£7,951.00",United Kingdom,yyy,USD,GBP,7951.0,"7,657.78",0.03829047060636376,0.0
MasterCard: Debit/Credit in GBP,"£7,951.00",United Kingdom,yyy,USD,GBP,7951.0,"7,657.78",0.03829047060636376,0.0
American Express in GBP,"£7,951.00",United Kingdom,yyy,USD,GBP,7951.0,"7,657.78",0.03829047060636376,0.0
PayPal in GBP,"£8,028.00",United Kingdom,yyy,USD,GBP,8028.0,"7,657.78",0.04834560407846664,0.0
Online Bank Transfer,"£7,875.00",United Kingdom,yyy,USD,GBP,7875.0,"7,657.78",0.028365923283249227,0.0
International Bank Transfer in Euros (EUR),"8.766,00 €",United Kingdom,yyy,USD,EUR,8766.0,"8,523.61",0.02843748130193655,0.0
International Bank Transfer in US Dollars (USD),"$10,030.00",United Kingdom,yyy,USD,USD,10030.0,10000,0.0,30.0
Domestic Bank Transfer in US Dollars (USD),"$10,000.00",United States,yyy,USD,USD,10000.0,10000,0.0,0.0
International Bank Transfer in Canadian Dollars (CAD),"$13,262.00",United States,yyy,USD,CAD,13262.0,"12,930.10",0.025668788331103365,0.0
MasterCard: Debit/Credit in UYU,"$346.700,00",Uruguay,yyy,USD,UYU,346700.0,"328,963.48",0.05391638001883984,0.0
VISA: Debit/Credit in UYU,"$346.700,00",Uruguay,yyy,USD,UYU,346700.0,"328,963.48",0.05391638001883984,0.0
International Bank Transfer in US Dollars (USD),"$10,000.00",Uruguay,yyy,USD,USD,10000.0,10000,0.0,0.0
Debit/Credit Card in UZS,"87,882,000.00 ??",Uzbekistan,yyy,USD,UZS,87882000.0,"83,400,000.00",0.05374100719424461,0.0
International Bank Transfer in US Dollars (USD),"$10,000.00",Uzbekistan,yyy,USD,USD,10000.0,10000,0.0,0.0
International Bank Transfer in US Dollars (USD),"$10,000.00",Venezuela,yyy,USD,USD,10000.0,10000,0.0,0.0
International Bank Transfer in US Dollars (USD),"$10,000.00",Vietnam,yyy,USD,USD,10000.0,10000,0.0,0.0
International Bank Transfer in US Dollars (USD),"$10,000.00",Western Sahara,yyy,USD,USD,10000.0,10000,0.0,0.0
VISA: Debit/Credit in Yer,"2,635,700.00 ?",Yemen,yyy,USD,YER,2635700.0,"2,501,256.74",0.05375028394726075,0.0
MasterCard: Debit/Credit in YER,"2,635,700.00 ?",Yemen,yyy,USD,YER,2635700.0,"2,501,256.74",0.05375028394726075,0.0
International Bank Transfer in US Dollars (USD),"$10,000.00",Yemen,yyy,USD,USD,10000.0,10000,0.0,0.0
International Bank Transfer in US Dollars (USD),"$10,000.00",Zambia,yyy,USD,USD,10000.0,10000,0.0,0.0
International Bank Transfer in South African Rand (ZAR),"R147,937.00",Zambia,yyy,USD,ZAR,147937.0,"143,646.62",0.029867601479241244,0.0
International Bank Transfer in US Dollars (USD),"$10,000.00",Zimbabwe,yyy,USD,USD,10000.0,10000,0.0,0.0
International Bank Transfer in South African Rand (ZAR),"R147,937.00",Zimbabwe,yyy,USD,ZAR,147937.0,"143,646.62",0.029867601479241244,0.0
