0,1,2,3,4,5,6,7,8,9,,
Debit/Credit Card in AFN,"1,043,438.00 ؋",Afghanistan,Durham University,GBP,AFN,1043438,"9,90,213.01",0.053751051,0,,
International Bank Transfer in British Pounds (GBP),"£10,000.00",Afghanistan,Durham University,GBP,GBP,10000,10000,0,0,,23
International Bank Transfer in US Dollars (USD),"$13,345.00",Afghanistan,Durham University,GBP,USD,13345,"13,111.45",0.017812675,0,,
International Bank Transfer in British Pounds (GBP),"£10,000.00",Albania,Durham University,GBP,GBP,10000,10000,0,0,,
International Bank Transfer in US Dollars (USD),"$13,346.00",Albania,Durham University,GBP,USD,13346,"13,111.45",0.017888944,0,,
Debit/Credit Card in DZD,"1,628,600.00 د.ج",Algeria,Durham University,GBP,DZD,1628600,"15,45,270.06",0.05392581,0,,
VISA: Debit/Credit in EUR,"11.632,00 €",Algeria,Durham University,GBP,EUR,11632,"11,202.47",0.038342437,0,,
MasterCard: Debit/Credit in EUR,"11.632,00 €",Algeria,Durham University,GBP,EUR,11632,"11,202.47",0.038342437,0,,
International Bank Transfer in US Dollars (USD),"$13,347.00",Algeria,Durham University,GBP,USD,13347,"13,111.45",0.017965214,0,,
International Bank Transfer in Euros (EUR),"11.521,00 €",Algeria,Durham University,GBP,EUR,11521,"11,202.47",0.028433908,0,,
International Bank Transfer in British Pounds (GBP),"£10,000.00",Algeria,Durham University,GBP,GBP,10000,10000,0,0,,
VISA: Debit/Credit in EUR,"11.633,00 €",Angola,Durham University,GBP,EUR,11633,"11,202.47",0.038431703,0,,
MasterCard: Debit/Credit in EUR,"11.633,00 €",Angola,Durham University,GBP,EUR,11633,"11,202.47",0.038431703,0,,
International Bank Transfer in US Dollars (USD),"$13,349.00",Angola,Durham University,GBP,USD,13349,"13,111.45",0.018117752,0,,
International Bank Transfer in South African Rand (ZAR),"R191,445.00",Angola,Durham University,GBP,ZAR,191445,"1,85,901.58",0.029819112,0,,
International Bank Transfer in Euros (EUR),"11.522,00 €",Angola,Durham University,GBP,EUR,11522,"11,202.47",0.028523174,0,,
International Bank Transfer in British Pounds (GBP),"£10,000.00",Angola,Durham University,GBP,GBP,10000,10000,0,0,,
VISA: Debit/Credit in USD,"$13,747.00",Angola,Durham University,GBP,USD,13747,"13,111.45",0.0484729,0,,
MasterCard: Debit/Credit in USD,"$13,747.00",Angola,Durham University,GBP,USD,13747,"13,111.45",0.0484729,0,,
American Express in USD,"$13,486.00",Angola,Durham University,GBP,USD,13486,"13,111.45",0.028566635,0,,
VISA: Debit/Credit in ARS,"$532.082,00",Argentina,Durham University,GBP,ARS,532082,"5,05,053.60",0.053515904,0,,
MasterCard: Debit/Credit in ARS,"$532.082,00",Argentina,Durham University,GBP,ARS,532082,"5,05,053.60",0.053515904,0,,
International Bank Transfer in British Pounds (GBP),"£10,000.00",Argentina,Durham University,GBP,GBP,10000,10000,0,0,,
International Bank Transfer in US Dollars (USD),"$13,349.00",Argentina,Durham University,GBP,USD,13349,"13,111.45",0.018117752,0,,
VISA: Debit/Credit in USD,"$13,748.00",Argentina,Durham University,GBP,USD,13748,"13,111.45",0.048549169,0,,
MasterCard: Debit/Credit in USD,"$13,748.00",Argentina,Durham University,GBP,USD,13748,"13,111.45",0.048549169,0,,
Domestic Bank Transfer in AUD (EFT),"A$18,629.00",Australia,Durham University,GBP,AUD,18629,"18,142.61",0.026809263,0,,
American Express in AUD,"A$18,665.00",Australia,Durham University,GBP,AUD,18665,"18,142.61",0.028793542,0,,
VISA: Debit/Credit in AUD,"A$19,018.00",Australia,Durham University,GBP,AUD,19018,"18,142.61",0.0482505,0,,
MasterCard: Debit/Credit in AUD,"A$19,018.00",Australia,Durham University,GBP,AUD,19018,"18,142.61",0.0482505,0,,
International Bank Transfer in British Pounds (GBP),"£10,023.00",Australia,Durham University,GBP,GBP,10023,10000,0,23,,
Domestic Bank Transfer in New Zealand Dollar (NZD),"$20,138.00",Australia,Durham University,GBP,NZD,20138,"19,750.00",0.01964557,0,,
International Bank Transfer in US Dollars (USD),"$13,347.00",Australia,Durham University,GBP,USD,13347,"13,111.45",0.017965214,0,,
Domestic Bank Transfer in Euros (EUR),"11.522,00 €",Austria,Durham University,GBP,EUR,11522,"11,202.47",0.028523174,0,,
VISA: Debit/Credit in EUR,"11.633,00 €",Austria,Durham University,GBP,EUR,11633,"11,202.47",0.038431703,0,,
MasterCard: Debit/Credit in EUR,"11.633,00 €",Austria,Durham University,GBP,EUR,11633,"11,202.47",0.038431703,0,,
American Express in EUR,"11.633,00 €",Austria,Durham University,GBP,EUR,11633,"11,202.47",0.038431703,0,,
PayPal in EUR,"11.745,00 €",Austria,Durham University,GBP,EUR,11745,"11,202.47",0.048429498,0,,
Online Bank Transfer,"11.522,00 €",Austria,Durham University,GBP,EUR,11522,"11,202.47",0.028523174,0,,
International Bank Transfer in British Pounds (GBP),"£10,023.00",Austria,Durham University,GBP,GBP,10023,10000,0,23,,
International Bank Transfer in US Dollars (USD),"$13,350.00",Austria,Durham University,GBP,USD,13350,"13,111.45",0.018194021,0,,
MasterCard: Debit/Credit in AZN,"ман23,450.00",Azerbaijan,Durham University,GBP,AZN,23450,"22,253.21",0.053780556,0,,
VISA: Debit/Credit in AZN,"ман23,450.00",Azerbaijan,Durham University,GBP,AZN,23450,"22,253.21",0.053780556,0,,
International Bank Transfer in British Pounds (GBP),"£10,000.00",Azerbaijan,Durham University,GBP,GBP,10000,10000,0,0,,
International Bank Transfer in US Dollars (USD),"$13,349.00",Azerbaijan,Durham University,GBP,USD,13349,"13,111.45",0.018117752,0,,
MasterCard: Debit/Credit in BSD,"$13,818.00",Bahamas,Durham University,GBP,BSD,13818,"13,115.05",0.053598728,0,,
VISA: Debit/Credit in BSD,"$13,818.00",Bahamas,Durham University,GBP,BSD,13818,"13,115.05",0.053598728,0,,
International Bank Transfer in US Dollars (USD),"$13,352.00",Bahamas,Durham University,GBP,USD,13352,"13,111.45",0.01834656,0,,
International Bank Transfer in British Pounds (GBP),"£10,000.00",Bahamas,Durham University,GBP,GBP,10000,10000,0,0,,
International Bank Transfer in Canadian Dollars (CAD),"$17,450.00",Bahamas,Durham University,GBP,CAD,17450,"17,117.99",0.019395385,0,,
MasterCard: Debit/Credit in BHD,"ب.د5,197.000",Bahrain,Durham University,GBP,BHD,5197,"4,931.68",0.053799111,0,,
Visa: Debit/Credit in BHD,"ب.د5,197.000",Bahrain,Durham University,GBP,BHD,5197,"4,931.68",0.053799111,0,,
International Bank Transfer in British Pounds (GBP),"£10,000.00",Bahrain,Durham University,GBP,GBP,10000,10000,0,0,,
International Bank Transfer in US Dollars (USD),"$13,354.00",Bahrain,Durham University,GBP,USD,13354,"13,111.45",0.018499098,0,,
VISA: Debit/Credit in BDT,"৳1,161,340.00",Bangladesh,Durham University,GBP,BDT,1161340,"11,02,104.66",0.053747473,0,,
MasterCard: Debit/Credit in BDT,"৳1,161,340.00",Bangladesh,Durham University,GBP,BDT,1161340,"11,02,104.66",0.053747473,0,,
International Bank Transfer in British Pounds (GBP),"£10,000.00",Bangladesh,Durham University,GBP,GBP,10000,10000,0,0,,
International Bank Transfer in US Dollars (USD),"$13,354.00",Bangladesh,Durham University,GBP,USD,13354,"13,111.45",0.018499098,0,,
VISA: Debit/Credit in BBD,"27,644.00 $",Barbados,Durham University,GBP,BBD,27644,"26,234.02",0.053746242,0,,
MasterCard: Debit/Credit in BBD,"27,644.00 $",Barbados,Durham University,GBP,BBD,27644,"26,234.02",0.053746242,0,,
International Bank Transfer in British Pounds (GBP),"£10,000.00",Barbados,Durham University,GBP,GBP,10000,10000,0,0,,
International Bank Transfer in Canadian Dollars (CAD),"$17,453.00",Barbados,Durham University,GBP,CAD,17453,"17,118.59",0.019534903,0,,
International Bank Transfer in US Dollars (USD),"$13,353.00",Barbados,Durham University,GBP,USD,13353,"13,111.45",0.018422829,0,,
VISA: Debit/Credit in USD,"$13,825.00",Belarus,Durham University,GBP,USD,13825,"13,111.45",0.054421898,0,,
MasterCard: Debit/Credit in USD,"$13,825.00",Belarus,Durham University,GBP,USD,13825,"13,111.45",0.054421898,0,,
International Bank Transfer in British Pounds (GBP),"£10,000.00",Belarus,Durham University,GBP,GBP,10000,10000,0,0,,
VISA: Debit/Credit in EUR,"11.630,00 €",Belarus,Durham University,GBP,EUR,11630,"11,202.47",0.038163905,0,,
MasterCard: Debit/Credit in EUR,"11.630,00 €",Belarus,Durham University,GBP,EUR,11630,"11,202.47",0.038163905,0,,
International Bank Transfer in US Dollars (USD),"$13,354.00",Belarus,Durham University,GBP,USD,13354,"13,111.45",0.018499098,0,,
Domestic Bank Transfer in Euros (EUR),"11.519,00 €",Belgium,Durham University,GBP,EUR,11519,"11,202.47",0.028255376,0,,
VISA: Debit/Credit in EUR,"11.630,00 €",Belgium,Durham University,GBP,EUR,11630,"11,202.47",0.038163905,0,,
MasterCard: Debit/Credit in EUR,"11.630,00 €",Belgium,Durham University,GBP,EUR,11630,"11,202.47",0.038163905,0,,
American Express in EUR,"11.630,00 €",Belgium,Durham University,GBP,EUR,11630,"11,202.47",0.038163905,0,,
PayPal in EUR,"11.742,00 €",Belgium,Durham University,GBP,EUR,11742,"11,202.47",0.0481617,0,,
Online Bank Transfer,"11.519,00 €",Belgium,Durham University,GBP,EUR,11519,"11,202.47",0.028255376,0,,
International Bank Transfer in British Pounds (GBP),"£10,023.00",Belgium,Durham University,GBP,GBP,10023,10000,0,23,,
International Bank Transfer in US Dollars (USD),"$13,353.00",Belgium,Durham University,GBP,USD,13353,"13,111.45",0.018422829,0,,
Debit/Credit Card in BTN,"1,005,030.00 Nu",Bhutan,Durham University,GBP,BTN,1005030,"9,53,698.30",0.053823835,0,,
International Bank Transfer in British Pounds (GBP),"£10,000.00",Bhutan,Durham University,GBP,GBP,10000,10000,0,0,,
International Bank Transfer in US Dollars (USD),"$13,352.00",Bhutan,Durham University,GBP,USD,13352,"13,111.45",0.01834656,0,,
VISA: Debit/Credit in BOB,"Bs95,507.00",Bolivia,Durham University,GBP,BOB,95507,"90,635.90",0.053743605,0,,
Mastercard: Debit/Credit in BOB,"Bs95,507.00",Bolivia,Durham University,GBP,BOB,95507,"90,635.90",0.053743605,0,,
International Bank Transfer in US Dollars (USD),"$13,354.00",Bolivia,Durham University,GBP,USD,13354,"13,111.45",0.018499098,0,,
International Bank Transfer in British Pounds (GBP),"£10,000.00",Bolivia,Durham University,GBP,GBP,10000,10000,0,0,,
VISA: Debit/Credit in USD,"$13,753.00",Bolivia,Durham University,GBP,USD,13753,"13,111.45",0.048930515,0,,
MasterCard: Debit/Credit in USD,"$13,753.00",Bolivia,Durham University,GBP,USD,13753,"13,111.45",0.048930515,0,,
VISA: Debit/Credit in BAM,"23,089.00 KM",Bosnia and Herzegovina,Durham University,GBP,BAM,23089,"21,908.69",0.053874056,0,,
MasterCard: Debit/Credit in BAM,"23,089.00 KM",Bosnia and Herzegovina,Durham University,GBP,BAM,23089,"21,908.69",0.053874056,0,,
International Bank Transfer in US Dollars (USD),"$13,353.00",Bosnia and Herzegovina,Durham University,GBP,USD,13353,"13,111.45",0.018422829,0,,
International Bank Transfer in British Pounds (GBP),"£10,000.00",Bosnia and Herzegovina,Durham University,GBP,GBP,10000,10000,0,0,,
Mastercard: Debit/Credit in BWP,"P146,800.00",Botswana,Durham University,GBP,BWP,146800,"1,39,273.92",0.054037971,0,,
VISA: Debit/Credit in BWP,"P146,800.00",Botswana,Durham University,GBP,BWP,146800,"1,39,273.92",0.054037971,0,,
International Bank Transfer in US Dollars (USD),"$13,355.00",Botswana,Durham University,GBP,USD,13355,"13,111.45",0.018575367,0,,
International Bank Transfer in South African Rand (ZAR),"R191,206.00",Botswana,Durham University,GBP,ZAR,191206,"1,85,676.99",0.029777572,0,,
International Bank Transfer in British Pounds (GBP),"£10,000.00",Botswana,Durham University,GBP,GBP,10000,10000,0,0,,
Cartão de Crédito/Débito em Reais,"R$59.776,00",Brazil,Durham University,GBP,BRL,59776,"52,902.63",0.129924921,0,,
Boleto,"R$58.780,00",Brazil,Durham University,GBP,BRL,58780,"52,902.63",0.111097879,0,,
Pagamento com Débito em Conta,"R$59.776,00",Brazil,Durham University,GBP,BRL,59776,"52,902.63",0.129924921,0,,
Pagamento Parcelado via Cartão de Crédito em Reais,"R$59.776,00",Brazil,Durham University,GBP,BRL,59776,"52,902.63",0.129924921,0,,
International Bank Transfer in US Dollars (USD),"$13,356.00",Brazil,Durham University,GBP,USD,13356,"13,111.45",0.018651637,0,,
International Bank Transfer in Euros (EUR),"11.518,00 €",Brazil,Durham University,GBP,EUR,11518,"11,202.47",0.02816611,0,,
International Bank Transfer in British Pounds (GBP),"£10,000.00",Brazil,Durham University,GBP,GBP,10000,10000,0,0,,
VISA: Debit/Credit in USD,"$13,755.00",Brazil,Durham University,GBP,USD,13755,"13,111.45",0.049083053,0,,
MasterCard: Debit/Credit in USD,"$13,755.00",Brazil,Durham University,GBP,USD,13755,"13,111.45",0.049083053,0,,
VISA: Debit/Credit in BND,"$18,900.00",Brunei Darussalam,Durham University,GBP,BND,18900,"17,908.83",0.055345324,0,,
MasterCard: Debit/Credit in BND,"$18,900.00",Brunei Darussalam,Durham University,GBP,BND,18900,"17,908.83",0.055345324,0,,
International Bank Transfer in British Pounds (GBP),"£10,000.00",Brunei Darussalam,Durham University,GBP,GBP,10000,10000,0,0,,
International Bank Transfer in US Dollars (USD),"$13,356.00",Brunei Darussalam,Durham University,GBP,USD,13356,"13,111.45",0.018651637,0,,
VISA: Debit/Credit in BGN,"лв23,084.00",Bulgaria,Durham University,GBP,BGN,23084,"21,906.36",0.053757904,0,,
MasterCard: Debit/Credit in BGN,"лв23,084.00",Bulgaria,Durham University,GBP,BGN,23084,"21,906.36",0.053757904,0,,
International Bank Transfer in US Dollars (USD),"$13,354.00",Bulgaria,Durham University,GBP,USD,13354,"13,111.45",0.018499098,0,,
International Bank Transfer in British Pounds (GBP),"£10,000.00",Bulgaria,Durham University,GBP,GBP,10000,10000,0,0,,
International Bank Transfer in Euros (EUR),"11.518,00 €",Bulgaria,Durham University,GBP,EUR,11518,"11,202.47",0.02816611,0,,
American Express in EUR,"11.629,00 €",Bulgaria,Durham University,GBP,EUR,11629,"11,202.47",0.038074639,0,,
Debit/Credit Card in BIF,"24,506,000.00 FBu",Burundi,Durham University,GBP,BIF,24506000,"2,32,60,024.48",0.053567249,0,,
International Bank Transfer in British Pounds (GBP),"£10,000.00",Burundi,Durham University,GBP,GBP,10000,10000,0,0,,
International Bank Transfer in US Dollars (USD),"$13,355.00",Burundi,Durham University,GBP,USD,13355,"13,111.45",0.018575367,0,,
Debit/Credit Card in KHR,"56,454,000.00 ៛",Cambodia,Durham University,GBP,KHR,56454000,"5,35,94,831.96",0.053347831,0,,
International Bank Transfer in British Pounds (GBP),"£10,000.00",Cambodia,Durham University,GBP,GBP,10000,10000,0,0,,
International Bank Transfer in US Dollars (USD),"$13,353.00",Cambodia,Durham University,GBP,USD,13353,"13,111.45",0.018422829,0,,
MasterCard: Debit/Credit in XAF,"7,741,700.00 Fr",Cameroon,Durham University,GBP,XAF,7741700,"73,46,786.95",0.053753165,0,,
VISA: Debit/Credit in XAF,"7,741,700.00 Fr",Cameroon,Durham University,GBP,XAF,7741700,"73,46,786.95",0.053753165,0,,
International Bank Transfer in US Dollars (USD),"$13,352.00",Cameroon,Durham University,GBP,USD,13352,"13,111.45",0.01834656,0,,
International Bank Transfer in British Pounds (GBP),"£10,000.00",Cameroon,Durham University,GBP,GBP,10000,10000,0,0,,
Bank Transfer in Canadian Dollars,"$17,549.00",Canada,Durham University,GBP,CAD,17549,"17,118.06",0.025174582,0,,
VISA: Debit/Credit in CAD,"$17,935.00",Canada,Durham University,GBP,CAD,17935,"17,118.06",0.047723866,0,,
MasterCard: Debit/Credit in CAD,"$17,935.00",Canada,Durham University,GBP,CAD,17935,"17,118.06",0.047723866,0,,
PayPal in CAD,"$17,823.00",Canada,Durham University,GBP,CAD,17823,"17,118.06",0.041181068,0,,
Online Bill Pay,"$17,549.00",Canada,Durham University,GBP,CAD,17549,"17,118.06",0.025174582,0,,
International Bank Transfer in British Pounds (GBP),"£10,023.00",Canada,Durham University,GBP,GBP,10023,10000,0,23,,
International Bank Transfer in US Dollars (USD),"$13,348.00",Canada,Durham University,GBP,USD,13348,"13,111.45",0.018041483,0,,
VISA: Debit/Credit in XAF,"7,741,700.00 Fr",Central African Republic,Durham University,GBP,XAF,7741700,"73,47,344.54",0.053673196,0,,
MasterCard: Debit/Credit in XAF,"7,741,700.00 Fr",Central African Republic,Durham University,GBP,XAF,7741700,"73,47,344.54",0.053673196,0,,
International Bank Transfer in US Dollars (USD),"$13,345.00",Central African Republic,Durham University,GBP,USD,13345,"13,111.45",0.017812675,0,,
International Bank Transfer in British Pounds (GBP),"£10,000.00",Central African Republic,Durham University,GBP,GBP,10000,10000,0,0,,
International Bank Transfer in US Dollars (USD),"$13,344.00",Chad,Durham University,GBP,USD,13344,"13,111.45",0.017736406,0,,
International Bank Transfer in British Pounds (GBP),"£10,000.00",Chad,Durham University,GBP,GBP,10000,10000,0,0,,
VISA: Debit/Credit in CLP,$9.166.000,Chile,Durham University,GBP,CLP,9166000,"86,94,918.96",0.054178888,0,,
MasterCard: Debit/Credit in CLP,$9.166.000,Chile,Durham University,GBP,CLP,9166000,"86,94,918.96",0.054178888,0,,
International Bank Transfer in US Dollars (USD),"$13,345.00",Chile,Durham University,GBP,USD,13345,"13,111.45",0.017812675,0,,
International Bank Transfer in British Pounds (GBP),"£10,000.00",Chile,Durham University,GBP,GBP,10000,10000,0,0,,
VISA: Debit/Credit in USD,"$13,743.00",Chile,Durham University,GBP,USD,13743,"13,111.45",0.048167823,0,,
MasterCard: Debit/Credit in USD,"$13,743.00",Chile,Durham University,GBP,USD,13743,"13,111.45",0.048167823,0,,
国内银行间人民币转账-Domestic RMB Transfer 需上传学校出具的付款通知,"CNY91,731.00",China,Durham University,GBP,CNY,91731,"90,183.37",0.017160924,0,,
支付宝-Alipay,"CNY91,731.00",China,Durham University,GBP,CNY,91731,"90,183.37",0.017160924,0,,
银联支付-UnionPay,"CNY91,731.00",China,Durham University,GBP,CNY,91731,"90,183.37",0.017160924,0,,
万事达卡-mastercard（人民币）,"CNY95,206.00",China,Durham University,GBP,CNY,95206,"90,183.37",0.055693528,0,,
维萨卡-VISA（人民币）,"CNY95,206.00",China,Durham University,GBP,CNY,95206,"90,183.37",0.055693528,0,,
International Bank Transfer in British Pounds (GBP),"£10,023.00",China,Durham University,GBP,GBP,10023,10000,0,23,,
MasterCard in USD,"$13,742.00",China,Durham University,GBP,USD,13742,"13,111.45",0.048091554,0,,
VISA in USD,"$13,742.00",China,Durham University,GBP,USD,13742,"13,111.45",0.048091554,0,,
International Bank Transfer in US Dollars (USD),"$13,344.00",China,Durham University,GBP,USD,13344,"13,111.45",0.017736406,0,,
Debit/Credit Card in COP,"COL$41.455.000,00",Colombia,Durham University,GBP,COP,41455000,"3,93,35,776.64",0.053875213,0,,
International Bank Transfer in British Pounds (GBP),"£10,000.00",Colombia,Durham University,GBP,GBP,10000,10000,0,0,,
MasterCard: Debit/Credit in USD,"$13,744.00",Colombia,Durham University,GBP,USD,13744,"13,111.45",0.048244092,0,,
VISA: Debit/Credit in USD,"$13,744.00",Colombia,Durham University,GBP,USD,13744,"13,111.45",0.048244092,0,,
International Bank Transfer in US Dollars (USD),"$13,345.00",Colombia,Durham University,GBP,USD,13345,"13,111.45",0.017812675,0,,
VISA: Debit/Credit in XAF,"7,739,700.00 Fr",Congo,Durham University,GBP,XAF,7739700,"73,45,094.61",0.053723663,0,,
MasterCard: Debit/Credit in XAF,"7,739,700.00 Fr",Congo,Durham University,GBP,XAF,7739700,"73,45,094.61",0.053723663,0,,
International Bank Transfer in British Pounds (GBP),"£10,000.00",Congo,Durham University,GBP,GBP,10000,10000,0,0,,
International Bank Transfer in US Dollars (USD),"$13,348.00",Congo,Durham University,GBP,USD,13348,"13,111.45",0.018041483,0,,
International Bank Transfer in South African Rand (ZAR),"R191,223.00",Congo,Durham University,GBP,ZAR,191223,"1,85,759.76",0.029410245,0,,
VISA: Debit/Credit in CRC,"₡8.123.800,00",Costa Rica,Durham University,GBP,CRC,8123800,"75,94,751.16",0.069659799,0,,
MasterCard: Debit/Credit in CRC,"₡8.123.800,00",Costa Rica,Durham University,GBP,CRC,8123800,"75,94,751.16",0.069659799,0,,
International Bank Transfer in US Dollars (USD),"$13,348.00",Costa Rica,Durham University,GBP,USD,13348,"13,111.45",0.018041483,0,,
International Bank Transfer in British Pounds (GBP),"£10,000.00",Costa Rica,Durham University,GBP,GBP,10000,10000,0,0,,
VISA: Debit/Credit in USD,"$13,747.00",Costa Rica,Durham University,GBP,USD,13747,"13,111.45",0.0484729,0,,
MasterCard: Debit/Credit in USD,"$13,747.00",Costa Rica,Durham University,GBP,USD,13747,"13,111.45",0.0484729,0,,
Bank Transfer in Croatian Kuna (HRK),"kn85.933,00",Croatia,Durham University,GBP,HRK,85933,"83,163.75",0.033298763,0,,
VISA,"kn87.609,00",Croatia,Durham University,GBP,HRK,87609,"83,163.75",0.053451774,0,,
MasterCard,"kn87.609,00",Croatia,Durham University,GBP,HRK,87609,"83,163.75",0.053451774,0,,
Online Bank Transfer,"kn85.933,00",Croatia,Durham University,GBP,HRK,85933,"83,163.75",0.033298763,0,,
International Bank Transfer in US Dollars (USD),"$13,345.00",Croatia,Durham University,GBP,USD,13345,"13,111.45",0.017812675,0,,
American Express in EUR,"11.627,00 €",Croatia,Durham University,GBP,EUR,11627,"11,202.47",0.037896107,0,,
International Bank Transfer in British Pounds (GBP),"£10,000.00",Croatia,Durham University,GBP,GBP,10000,10000,0,0,,
Domestic Bank Transfer in Euros (EUR),"11.513,00 €",Cyprus,Durham University,GBP,EUR,11513,"11,202.47",0.02771978,0,,
VISA: Debit/Credit in EUR,"11.624,00 €",Cyprus,Durham University,GBP,EUR,11624,"11,202.47",0.037628309,0,,
MasterCard: Debit/Credit in EUR,"11.624,00 €",Cyprus,Durham University,GBP,EUR,11624,"11,202.47",0.037628309,0,,
American Express in EUR,"11.624,00 €",Cyprus,Durham University,GBP,EUR,11624,"11,202.47",0.037628309,0,,
PayPal in EUR,"11.736,00 €",Cyprus,Durham University,GBP,EUR,11736,"11,202.47",0.047626104,0,,
Online Bank Transfer,"11.513,00 €",Cyprus,Durham University,GBP,EUR,11513,"11,202.47",0.02771978,0,,
International Bank Transfer in British Pounds (GBP),"£10,000.00",Cyprus,Durham University,GBP,GBP,10000,10000,0,0,,
International Bank Transfer in US Dollars (USD),"$13,345.00",Cyprus,Durham University,GBP,USD,13345,"13,111.45",0.017812675,0,,
Bank Transfer from a Czech Koruna (CZK) Account,"Kč296.745,00",Czech Republic,Durham University,GBP,CZK,296745,"2,87,899.47",0.030724371,0,,
VISA: Debit/Credit in CZK,"Kč303.311,00",Czech Republic,Durham University,GBP,CZK,303311,"2,87,899.47",0.053530943,0,,
MasterCard: Debit/Credit in CZK,"Kč303.311,00",Czech Republic,Durham University,GBP,CZK,303311,"2,87,899.47",0.053530943,0,,
Online Bank Transfer,"Kč296.745,00",Czech Republic,Durham University,GBP,CZK,296745,"2,87,899.47",0.030724371,0,,
International Bank Transfer in US Dollars (USD),"$13,348.00",Czech Republic,Durham University,GBP,USD,13348,"13,111.45",0.018041483,0,,
International Bank Transfer in Euros (EUR),"11.514,00 €",Czech Republic,Durham University,GBP,EUR,11514,"11,202.47",0.027809046,0,,
American Express in EUR,"11.625,00 €",Czech Republic,Durham University,GBP,EUR,11625,"11,202.47",0.037717575,0,,
International Bank Transfer in British Pounds (GBP),"£10,000.00",Czech Republic,Durham University,GBP,GBP,10000,10000,0,0,,
Domestic Bank Transfer in Danish Krone (DKK),"85.889,00 kr",Denmark,Durham University,GBP,DKK,85889,"83,511.51",0.02846901,0,,
VISA: Debit/Credit in DKK,"86.718,00 kr",Denmark,Durham University,GBP,DKK,86718,"83,511.51",0.038395785,0,,
MasterCard: Debit/Credit in DKK,"86.718,00 kr",Denmark,Durham University,GBP,DKK,86718,"83,511.51",0.038395785,0,,
Online Bank Transfer,"85.889,00 kr",Denmark,Durham University,GBP,DKK,85889,"83,511.51",0.02846901,0,,
International Bank Transfer in British Pounds (GBP),"£10,000.00",Denmark,Durham University,GBP,GBP,10000,10000,0,0,,
International Bank Transfer in US Dollars (USD),"$13,350.00",Denmark,Durham University,GBP,USD,13350,"13,111.45",0.018194021,0,,
American Express in EUR,"11.623,00 €",Denmark,Durham University,GBP,EUR,11623,"11,202.47",0.037539043,0,,
VISA: Debit/Credit in DOP,"$688,600.00",Dominican Republic,Durham University,GBP,DOP,688600,"6,53,721.91",0.053353099,0,,
MasterCard: Debit/Credit in DOP,"$688,600.00",Dominican Republic,Durham University,GBP,DOP,688600,"6,53,721.91",0.053353099,0,,
International Bank Transfer in US Dollars (USD),"$13,348.00",Dominican Republic,Durham University,GBP,USD,13348,"13,111.45",0.018041483,0,,
International Bank Transfer in British Pounds (GBP),"£10,000.00",Dominican Republic,Durham University,GBP,GBP,10000,10000,0,0,,
VISA: Debit/Credit in USD,"$13,747.00",Dominican Republic,Durham University,GBP,USD,13747,"13,111.45",0.0484729,0,,
MasterCard: Debit/Credit in USD,"$13,747.00",Dominican Republic,Durham University,GBP,USD,13747,"13,111.45",0.0484729,0,,
International Bank Transfer in US Dollars (USD),"$13,351.00",Ecuador,Durham University,GBP,USD,13351,"13,111.45",0.01827029,0,,
VISA: Debit/Credit in USD,"$13,750.00",Ecuador,Durham University,GBP,USD,13750,"13,111.45",0.048701707,0,,
MasterCard: Debit/Credit in USD,"$13,750.00",Ecuador,Durham University,GBP,USD,13750,"13,111.45",0.048701707,0,,
International Bank Transfer in British Pounds (GBP),"£10,000.00",Ecuador,Durham University,GBP,GBP,10000,10000,0,0,,
International Bank Transfer in Canadian Dollars (CAD),"$17,453.00",Ecuador,Durham University,GBP,CAD,17453,"17,114.79",0.019761271,0,,
VISA: Debit/Credit in EGP,"ج.م247,978.00",Egypt,Durham University,GBP,EGP,247978,"2,35,374.33",0.053547343,0,,
MasterCard: Debit/Credit in EGP,"ج.م247,978.00",Egypt,Durham University,GBP,EGP,247978,"2,35,374.33",0.053547343,0,,
International Bank Transfer in US Dollars (USD),"$13,351.00",Egypt,Durham University,GBP,USD,13351,"13,111.45",0.01827029,0,,
International Bank Transfer in British Pounds (GBP),"£10,000.00",Egypt,Durham University,GBP,GBP,10000,10000,0,0,,
International Bank Transfer in US Dollars (USD),"$13,352.00",El Salvador,Durham University,GBP,USD,13352,"13,111.45",0.01834656,0,,
VISA: Debit/Credit in USD,"$13,751.00",El Salvador,Durham University,GBP,USD,13751,"13,111.45",0.048777977,0,,
MasterCard: Debit/Credit in USD,"$13,751.00",El Salvador,Durham University,GBP,USD,13751,"13,111.45",0.048777977,0,,
International Bank Transfer in Mexican Pesos (MXN),"$256,212.00",El Salvador,Durham University,GBP,MXN,256212,"2,48,156.11",0.032462993,0,,
International Bank Transfer in British Pounds (GBP),"£10,000.00",El Salvador,Durham University,GBP,GBP,10000,10000,0,0,,
Domestic Bank Transfer in Euros (EUR),"11.514,00 €",Estonia,Durham University,GBP,EUR,11514,"11,202.47",0.027809046,0,,
VISA: Debit/Credit in EUR,"11.626,00 €",Estonia,Durham University,GBP,EUR,11626,"11,202.47",0.037806841,0,,
MasterCard: Debit/Credit in EUR,"11.626,00 €",Estonia,Durham University,GBP,EUR,11626,"11,202.47",0.037806841,0,,
American Express in EUR,"11.626,00 €",Estonia,Durham University,GBP,EUR,11626,"11,202.47",0.037806841,0,,
PayPal in EUR,"11.738,00 €",Estonia,Durham University,GBP,EUR,11738,"11,202.47",0.047804636,0,,
Online Bank Transfer,"11.514,00 €",Estonia,Durham University,GBP,EUR,11514,"11,202.47",0.027809046,0,,
International Bank Transfer in US Dollars (USD),"$13,353.00",Estonia,Durham University,GBP,USD,13353,"13,111.45",0.018422829,0,,
International Bank Transfer in British Pounds (GBP),"£10,000.00",Estonia,Durham University,GBP,GBP,10000,10000,0,0,,
VISA: Debit/Credit in ETB,"386,280.00 Br",Ethiopia,Durham University,GBP,ETB,386280,"3,66,611.56",0.053649263,0,,
Mastercard: Debit/Credit in ETB,"386,280.00 Br",Ethiopia,Durham University,GBP,ETB,386280,"3,66,611.56",0.053649263,0,,
International Bank Transfer in US Dollars (USD),"$13,354.00",Ethiopia,Durham University,GBP,USD,13354,"13,111.45",0.018499098,0,,
International Bank Transfer in British Pounds (GBP),"£10,000.00",Ethiopia,Durham University,GBP,GBP,10000,10000,0,0,,
MasterCard: Debit/Credit in FJD,"29,391.00 $",Fiji,Durham University,GBP,FJD,29391,"27,891.83",0.053749431,0,,
VISA: Debit/Credit in FJD,"29,391.00 $",Fiji,Durham University,GBP,FJD,29391,"27,891.83",0.053749431,0,,
International Bank Transfer in US Dollars (USD),"$13,355.00",Fiji,Durham University,GBP,USD,13355,"13,111.45",0.018575367,0,,
International Bank Transfer in British Pounds (GBP),"£10,000.00",Fiji,Durham University,GBP,GBP,10000,10000,0,0,,
Domestic Bank Transfer in Euros (EUR),"11.517,00 €",Finland,Durham University,GBP,EUR,11517,"11,202.47",0.028076844,0,,
VISA: Debit/Credit in EUR,"11.628,00 €",Finland,Durham University,GBP,EUR,11628,"11,202.47",0.037985373,0,,
MasterCard: Debit/Credit in EUR,"11.628,00 €",Finland,Durham University,GBP,EUR,11628,"11,202.47",0.037985373,0,,
American Express in EUR,"11.628,00 €",Finland,Durham University,GBP,EUR,11628,"11,202.47",0.037985373,0,,
PayPal in EUR,"11.740,00 €",Finland,Durham University,GBP,EUR,11740,"11,202.47",0.047983168,0,,
Online Bank Transfer,"11.517,00 €",Finland,Durham University,GBP,EUR,11517,"11,202.47",0.028076844,0,,
International Bank Transfer in US Dollars (USD),"$13,357.00",Finland,Durham University,GBP,USD,13357,"13,111.45",0.018727906,0,,
International Bank Transfer in British Pounds (GBP),"£10,023.00",Finland,Durham University,GBP,GBP,10023,10000,0,23,,
Domestic Bank Transfer in Euros (EUR),"11.518,00 €",France,Durham University,GBP,EUR,11518,"11,202.47",0.02816611,0,,
VISA: Debit/Credit in EUR,"11.625,00 €",France,Durham University,GBP,EUR,11625,"11,202.47",0.037717575,0,,
MasterCard: Debit/Credit in EUR,"11.625,00 €",France,Durham University,GBP,EUR,11625,"11,202.47",0.037717575,0,,
American Express in EUR,"11.625,00 €",France,Durham University,GBP,EUR,11625,"11,202.47",0.037717575,0,,
PayPal in EUR,"11.737,00 €",France,Durham University,GBP,EUR,11737,"11,202.47",0.04771537,0,,
International Bank Transfer in US Dollars (USD),"$13,357.00",France,Durham University,GBP,USD,13357,"13,111.45",0.018727906,0,,
International Bank Transfer in British Pounds (GBP),"£10,023.00",France,Durham University,GBP,GBP,10023,10000,0,23,,
VISA: Debit/Credit in XAF,"7,739,300.00 Fr",Gabon,Durham University,GBP,XAF,7739300,"73,45,422.74",0.053622136,0,,
MasterCard: Debit/Credit in XAF,"7,739,300.00 Fr",Gabon,Durham University,GBP,XAF,7739300,"73,45,422.74",0.053622136,0,,
International Bank Transfer in US Dollars (USD),"$13,357.00",Gabon,Durham University,GBP,USD,13357,"13,111.45",0.018727906,0,,
International Bank Transfer in British Pounds (GBP),"£10,000.00",Gabon,Durham University,GBP,GBP,10000,10000,0,0,,
VISA: Debit/Credit in GMD,"679,490.00 D",Gambia,Durham University,GBP,GMD,679490,"6,44,898.06",0.053639392,0,,
MasterCard: Debit/Credit in GMD,"679,490.00 D",Gambia,Durham University,GBP,GMD,679490,"6,44,898.06",0.053639392,0,,
International Bank Transfer in US Dollars (USD),"$13,356.00",Gambia,Durham University,GBP,USD,13356,"13,111.45",0.018651637,0,,
International Bank Transfer in British Pounds (GBP),"£10,000.00",Gambia,Durham University,GBP,GBP,10000,10000,0,0,,
VISA,"36,128.00 ლ",Georgia,Durham University,GBP,GEL,36128,"34,288.26",0.053655099,0,,
MasterCard,"36,128.00 ლ",Georgia,Durham University,GBP,GEL,36128,"34,288.26",0.053655099,0,,
International Bank Transfer in US Dollars (USD),"$13,355.00",Georgia,Durham University,GBP,USD,13355,"13,111.45",0.018575367,0,,
International Bank Transfer in British Pounds (GBP),"£10,000.00",Georgia,Durham University,GBP,GBP,10000,10000,0,0,,
VISA: Debit/Credit in USD,"$13,754.00",Georgia,Durham University,GBP,USD,13754,"13,111.45",0.049006784,0,,
MasterCard: Debit/Credit in USD,"$13,754.00",Georgia,Durham University,GBP,USD,13754,"13,111.45",0.049006784,0,,
Online Bank Transfer,"11.518,00 €",Germany,Durham University,GBP,EUR,11518,"11,202.47",0.02816611,0,,
Domestic Bank Transfer in Euros (EUR),"11.518,00 €",Germany,Durham University,GBP,EUR,11518,"11,202.47",0.02816611,0,,
VISA: Debit/Credit in EUR,"11.629,00 €",Germany,Durham University,GBP,EUR,11629,"11,202.47",0.038074639,0,,
MasterCard: Debit/Credit in EUR,"11.629,00 €",Germany,Durham University,GBP,EUR,11629,"11,202.47",0.038074639,0,,
American Express in EUR,"11.629,00 €",Germany,Durham University,GBP,EUR,11629,"11,202.47",0.038074639,0,,
PayPal in EUR,"11.741,00 €",Germany,Durham University,GBP,EUR,11741,"11,202.47",0.048072434,0,,
International Bank Transfer in British Pounds (GBP),"£10,023.00",Germany,Durham University,GBP,GBP,10023,10000,0,23,,
International Bank Transfer in US Dollars (USD),"$13,354.00",Germany,Durham University,GBP,USD,13354,"13,111.45",0.018499098,0,,
International Bank Transfer in US Dollars (USD),"$13,356.00",Ghana,Durham University,GBP,USD,13356,"13,111.45",0.018651637,0,,
International Bank Transfer in British Pounds (GBP),"£10,000.00",Ghana,Durham University,GBP,GBP,10000,10000,0,0,,
International Bank Transfer in British Pounds (GBP),"£10,000.00",Gibraltar,Durham University,GBP,GBP,10000,10000,0,0,,
Debit/Credit Card in GIP,"£10,538.00",Gibraltar,Durham University,GBP,GIP,10538,"10,000.00",0.0538,0,,
International Bank Transfer in Euros (EUR),"11.518,00 €",Gibraltar,Durham University,GBP,EUR,11518,"11,202.47",0.02816611,0,,
International Bank Transfer in US Dollars (USD),"$13,355.00",Gibraltar,Durham University,GBP,USD,13355,"13,111.45",0.018575367,0,,
Domestic Bank Transfer in Euros (EUR),"11.516,00 €",Greece,Durham University,GBP,EUR,11516,"11,202.47",0.027987578,0,,
VISA: Debit/Credit in EUR,"11.627,00 €",Greece,Durham University,GBP,EUR,11627,"11,202.47",0.037896107,0,,
MasterCard: Debit/Credit in EUR,"11.627,00 €",Greece,Durham University,GBP,EUR,11627,"11,202.47",0.037896107,0,,
American Express in EUR,"11.627,00 €",Greece,Durham University,GBP,EUR,11627,"11,202.47",0.037896107,0,,
PayPal in EUR,"11.739,00 €",Greece,Durham University,GBP,EUR,11739,"11,202.47",0.047893902,0,,
International Bank Transfer in US Dollars (USD),"$13,352.00",Greece,Durham University,GBP,USD,13352,"13,111.45",0.01834656,0,,
International Bank Transfer in British Pounds (GBP),"£10,023.00",Greece,Durham University,GBP,GBP,10023,10000,0,23,,
VISA: Debit/Credit in XCD,"$37,400.00",Grenada,Durham University,GBP,XCD,37400,"35,458.54",0.054752959,0,,
MasterCard: Debit/Credit in XCD,"$37,400.00",Grenada,Durham University,GBP,XCD,37400,"35,458.54",0.054752959,0,,
International Bank Transfer in US Dollars (USD),"$13,350.00",Grenada,Durham University,GBP,USD,13350,"13,111.45",0.018194021,0,,
International Bank Transfer in British Pounds (GBP),"£10,000.00",Grenada,Durham University,GBP,GBP,10000,10000,0,0,,
MasterCard: Debit/Credit in GTQ,"GTQ106,454.00",Guatemala,Durham University,GBP,GTQ,106454,"1,01,070.11",0.053268865,0,,
VISA: Debit/Credit in GTQ,"GTQ106,454.00",Guatemala,Durham University,GBP,GTQ,106454,"1,01,070.11",0.053268865,0,,
International Bank Transfer in US Dollars (USD),"$13,349.00",Guatemala,Durham University,GBP,USD,13349,"13,111.45",0.018117752,0,,
International Bank Transfer in British Pounds (GBP),"£10,000.00",Guatemala,Durham University,GBP,GBP,10000,10000,0,0,,
VISA: Debit/Credit in USD,"$13,747.00",Guatemala,Durham University,GBP,USD,13747,"13,111.45",0.0484729,0,,
MasterCard: Debit/Credit in USD,"$13,747.00",Guatemala,Durham University,GBP,USD,13747,"13,111.45",0.0484729,0,,
Debit/Credit Card in GNF,"125,098,000.00 FG",Guinea,Durham University,GBP,GNF,125098000,"11,87,17,204.47",0.053747859,0,,
International Bank Transfer in US Dollars (USD),"$13,351.00",Guinea,Durham University,GBP,USD,13351,"13,111.45",0.01827029,0,,
International Bank Transfer in British Pounds (GBP),"£10,000.00",Guinea,Durham University,GBP,GBP,10000,10000,0,0,,
VISA: Debit/Credit in GYD,"2,887,940.00 G$",Guyana,Durham University,GBP,GYD,2887940,"27,42,282.35",0.053115482,0,,
Mastercard: Debit/Credit in GYD,"2,887,940.00 G$",Guyana,Durham University,GBP,GYD,2887940,"27,42,282.35",0.053115482,0,,
International Bank Transfer in US Dollars (USD),"$13,351.00",Guyana,Durham University,GBP,USD,13351,"13,111.45",0.01827029,0,,
International Bank Transfer in British Pounds (GBP),"£10,000.00",Guyana,Durham University,GBP,GBP,10000,10000,0,0,,
MasterCard: Debit/Credit in HTG,"963,000.00 G",Haiti,Durham University,GBP,HTG,963000,"9,12,845.27",0.054943298,0,,
Visa: Debit/Credit in HTG,"963,000.00 G",Haiti,Durham University,GBP,HTG,963000,"9,12,845.27",0.054943298,0,,
International Bank Transfer in US Dollars (USD),"$13,353.00",Haiti,Durham University,GBP,USD,13353,"13,111.45",0.018422829,0,,
International Bank Transfer in British Pounds (GBP),"£10,000.00",Haiti,Durham University,GBP,GBP,10000,10000,0,0,,
VISA: Debit/Credit in HNL,"L332,300.00",Honduras,Durham University,GBP,HNL,332300,"3,15,292.17",0.053943078,0,,
MasterCard: Debit/Credit in HNL,"L332,300.00",Honduras,Durham University,GBP,HNL,332300,"3,15,292.17",0.053943078,0,,
International Bank Transfer in US Dollars (USD),"$13,356.00",Honduras,Durham University,GBP,USD,13356,"13,111.45",0.018651637,0,,
International Bank Transfer in British Pounds (GBP),"£10,000.00",Honduras,Durham University,GBP,GBP,10000,10000,0,0,,
VISA: Debit/Credit in USD,"$13,755.00",Honduras,Durham University,GBP,USD,13755,"13,111.45",0.049083053,0,,
MasterCard: Debit/Credit in USD,"$13,755.00",Honduras,Durham University,GBP,USD,13755,"13,111.45",0.049083053,0,,
Domestic Bank Transfer in Hong Kong Dollars (HKD),"HK$104,070.00",Hong Kong,Durham University,GBP,HKD,104070,"1,02,522.20",0.015097218,0,,
VISA: Debit/Credit in HKD,"HK$107,060.00",Hong Kong,Durham University,GBP,HKD,107060,"1,02,522.20",0.044261633,0,,
MasterCard: Debit/Credit in HKD,"HK$107,060.00",Hong Kong,Durham University,GBP,HKD,107060,"1,02,522.20",0.044261633,0,,
American Express in HKD,"HK$104,070.00",Hong Kong,Durham University,GBP,HKD,104070,"1,02,522.20",0.015097218,0,,
International Bank Transfer in British Pounds (GBP),"£10,023.00",Hong Kong,Durham University,GBP,GBP,10023,10000,0,23,,
Domestic Bank Transfer in Chinese Yuan (CNY),"CNY91,469.00",Hong Kong,Durham University,GBP,CNY,91469,"90,240.98",0.01360823,0,,
Bank Transfer in Japanese Yen (JPY),"¥1,517,200",Hong Kong,Durham University,GBP,JPY,1517200,"14,78,776.59",0.025983242,0,,
International Bank Transfer in US Dollars (USD),"$13,358.00",Hong Kong,Durham University,GBP,USD,13358,"13,111.45",0.018804175,0,,
Bank Transfer from a Hungarian Forint (HUF) Account,"3.746.132,00 Ft",Hungary,Durham University,GBP,HUF,3746132,"36,24,984.57",0.033420123,0,,
VISA: Debit/Credit in HUF,"3.819.160,00 Ft",Hungary,Durham University,GBP,HUF,3819160,"36,24,984.57",0.053565864,0,,
MasterCard: Debit/Credit in HUF,"3.819.160,00 Ft",Hungary,Durham University,GBP,HUF,3819160,"36,24,984.57",0.053565864,0,,
Online Bank Transfer,"3.746.132,00 Ft",Hungary,Durham University,GBP,HUF,3746132,"36,24,984.57",0.033420123,0,,
MasterCard: Debit/Credit in EUR,"11.631,00 €",Hungary,Durham University,GBP,EUR,11631,"11,202.47",0.038253171,0,,
VISA: Debit/Credit in EUR,"11.631,00 €",Hungary,Durham University,GBP,EUR,11631,"11,202.47",0.038253171,0,,
International Bank Transfer in US Dollars (USD),"$13,357.00",Hungary,Durham University,GBP,USD,13357,"13,111.45",0.018727906,0,,
American Express in EUR,"11.631,00 €",Hungary,Durham University,GBP,EUR,11631,"11,202.47",0.038253171,0,,
International Bank Transfer in British Pounds (GBP),"£10,000.00",Hungary,Durham University,GBP,GBP,10000,10000,0,0,,
VISA: Debit/Credit in ISK,"kr1.523.800,00",Iceland,Durham University,GBP,ISK,1523800,"14,46,108.55",0.053724494,0,,
MasterCard: Debit/Credit in ISK,"kr1.523.800,00",Iceland,Durham University,GBP,ISK,1523800,"14,46,108.55",0.053724494,0,,
International Bank Transfer in US Dollars (USD),"$13,356.00",Iceland,Durham University,GBP,USD,13356,"13,111.45",0.018651637,0,,
International Bank Transfer in British Pounds (GBP),"£10,000.00",Iceland,Durham University,GBP,GBP,10000,10000,0,0,,
Domestic Bank Transfer in Indian Rupees (INR),"₨968,814.00",India,Durham University,GBP,INR,968814,"9,53,312.53",0.016260638,0,,
VISA: Debit/Credit in INR,"₨1,004,545.00",India,Durham University,GBP,INR,1004545,"9,53,312.53",0.053741526,0,,
MasterCard: Debit/Credit in INR,"₨1,004,545.00",India,Durham University,GBP,INR,1004545,"9,53,312.53",0.053741526,0,,
International Bank Transfer in British Pounds (GBP),"£10,023.00",India,Durham University,GBP,GBP,10023,10000,0,23,,
International Bank Transfer in US Dollars (USD),"$13,356.00",India,Durham University,GBP,USD,13356,"13,111.45",0.018651637,0,,
Domestic Bank Transfer in Indonesian Rupiah (IDR),"Rp199.740.000,00",Indonesia,Durham University,GBP,IDR,199740000,"19,56,99,635.73",0.020645742,0,,
Debit/Credit Card in IDR,"Rp206.260.000,00",Indonesia,Durham University,GBP,IDR,206260000,"19,56,99,635.73",0.053962105,0,,
UnionPay Card in IDR,"Rp202.840.000,00",Indonesia,Durham University,GBP,IDR,202840000,"19,56,99,635.73",0.036486344,0,,
International Bank Transfer in US Dollars (USD),"$13,356.00",Indonesia,Durham University,GBP,USD,13356,"13,111.45",0.018651637,0,,
International Bank Transfer in Euros (EUR),"11.519,00 €",Indonesia,Durham University,GBP,EUR,11519,"11,202.47",0.028255376,0,,
International Bank Transfer in British Pounds (GBP),"£10,000.00",Indonesia,Durham University,GBP,GBP,10000,10000,0,0,,
International Bank Transfer in US Dollars (USD),"$13,354.00",Iraq,Durham University,GBP,USD,13354,"13,111.45",0.018499098,0,,
International Bank Transfer in British Pounds (GBP),"£10,000.00",Iraq,Durham University,GBP,GBP,10000,10000,0,0,,
Domestic Bank Transfer in Euros (EUR),"11.518,00 €",Ireland,Durham University,GBP,EUR,11518,"11,202.47",0.02816611,0,,
VISA: Debit/Credit in EUR,"11.630,00 €",Ireland,Durham University,GBP,EUR,11630,"11,202.47",0.038163905,0,,
MasterCard: Debit/Credit in EUR,"11.630,00 €",Ireland,Durham University,GBP,EUR,11630,"11,202.47",0.038163905,0,,
American Express in EUR,"11.630,00 €",Ireland,Durham University,GBP,EUR,11630,"11,202.47",0.038163905,0,,
PayPal in EUR,"11.742,00 €",Ireland,Durham University,GBP,EUR,11742,"11,202.47",0.0481617,0,,
Online Bank Transfer,"11.518,00 €",Ireland,Durham University,GBP,EUR,11518,"11,202.47",0.02816611,0,,
International Bank Transfer in US Dollars (USD),"$13,355.00",Ireland,Durham University,GBP,USD,13355,"13,111.45",0.018575367,0,,
International Bank Transfer in British Pounds (GBP),"£10,000.00",Ireland,Durham University,GBP,GBP,10000,10000,0,0,,
Bank Transfer in Israeli Shekels (ILS),"₪48,482.00",Israel,Durham University,GBP,ILS,48482,"47,217.73",0.026775324,0,,
VISA: Debit/Credit in ILS,"₪49,760.00",Israel,Durham University,GBP,ILS,49760,"47,217.73",0.053841428,0,,
MasterCard: Debit/Credit in ILS,"₪49,760.00",Israel,Durham University,GBP,ILS,49760,"47,217.73",0.053841428,0,,
International Bank Transfer in US Dollars (USD),"$13,354.00",Israel,Durham University,GBP,USD,13354,"13,111.45",0.018499098,0,,
International Bank Transfer in British Pounds (GBP),"£10,000.00",Israel,Durham University,GBP,GBP,10000,10000,0,0,,
Domestic Bank Transfer in Euros (EUR),"11.522,00 €",Italy,Durham University,GBP,EUR,11522,"11,202.47",0.028523174,0,,
VISA: Debit/Credit in EUR,"11.633,00 €",Italy,Durham University,GBP,EUR,11633,"11,202.47",0.038431703,0,,
MasterCard: Debit/Credit in EUR,"11.633,00 €",Italy,Durham University,GBP,EUR,11633,"11,202.47",0.038431703,0,,
American Express in EUR,"11.633,00 €",Italy,Durham University,GBP,EUR,11633,"11,202.47",0.038431703,0,,
PayPal in EUR,"11.745,00 €",Italy,Durham University,GBP,EUR,11745,"11,202.47",0.048429498,0,,
Online Bank Transfer,"11.522,00 €",Italy,Durham University,GBP,EUR,11522,"11,202.47",0.028523174,0,,
International Bank Transfer in US Dollars (USD),"$13,355.00",Italy,Durham University,GBP,USD,13355,"13,111.45",0.018575367,0,,
International Bank Transfer in British Pounds (GBP),"£10,023.00",Italy,Durham University,GBP,GBP,10023,10000,0,23,,
VISA: Debit/Credit in JMD,"J$1,886,800.00",Jamaica,Durham University,GBP,JMD,1886800,"17,91,231.99",0.053353229,0,,
MasterCard: Debit/Credit in JMD,"J$1,886,800.00",Jamaica,Durham University,GBP,JMD,1886800,"17,91,231.99",0.053353229,0,,
International Bank Transfer in US Dollars (USD),"$13,356.00",Jamaica,Durham University,GBP,USD,13356,"13,111.45",0.018651637,0,,
International Bank Transfer in British Pounds (GBP),"£10,000.00",Jamaica,Durham University,GBP,GBP,10000,10000,0,0,,
Bank Transfer in Japanese Yen (JPY),"¥1,521,400",Japan,Durham University,GBP,JPY,1521400,"14,79,226.73",0.028510349,0,,
American Express in JPY,"¥1,521,400",Japan,Durham University,GBP,JPY,1521400,"14,79,226.73",0.028510349,0,,
VISA: Debit/Credit in JPY,"¥1,559,000",Japan,Durham University,GBP,JPY,1559000,"14,79,226.73",0.053929035,0,,
MasterCard: Debit/Credit in JPY,"¥1,559,000",Japan,Durham University,GBP,JPY,1559000,"14,79,226.73",0.053929035,0,,
UnionPay Card in JPY,"¥1,533,200",Japan,Durham University,GBP,JPY,1533200,"14,79,226.73",0.03648749,0,,
International Bank Transfer in US Dollars (USD),"$13,356.00",Japan,Durham University,GBP,USD,13356,"13,111.45",0.018651637,0,,
International Bank Transfer in British Pounds (GBP),"£10,023.00",Japan,Durham University,GBP,GBP,10023,10000,0,23,,
VISA: Debit/Credit in JOD,"د.ا9,803.00",Jordan,Durham University,GBP,JOD,9803,"9,303.53",0.053686074,0,,
MasterCard: Debit/Credit in JOD,"د.ا9,803.00",Jordan,Durham University,GBP,JOD,9803,"9,303.53",0.053686074,0,,
International Bank Transfer in British Pounds (GBP),"£10,000.00",Jordan,Durham University,GBP,GBP,10000,10000,0,0,,
International Bank Transfer in US Dollars (USD),"$13,358.00",Jordan,Durham University,GBP,USD,13358,"13,111.45",0.018804175,0,,
Debit/Credit Card in KZT,"4,986,000.00 KZT",Kazakhstan,Durham University,GBP,KZT,4986000,"47,31,830.49",0.053714838,0,,
UnionPay Card in KZT,"4,903,400.00 KZT",Kazakhstan,Durham University,GBP,KZT,4903400,"47,31,830.49",0.036258592,0,,
International Bank Transfer in US Dollars (USD),"$13,356.00",Kazakhstan,Durham University,GBP,USD,13356,"13,111.45",0.018651637,0,,
International Bank Transfer in British Pounds (GBP),"£10,000.00",Kazakhstan,Durham University,GBP,GBP,10000,10000,0,0,,
VISA: Debit/Credit in KES,"KSh1,396,985.00",Kenya,Durham University,GBP,KES,1396985,"13,25,807.57",0.053686094,0,,
MasterCard: Debit/Credit in KES,"KSh1,396,985.00",Kenya,Durham University,GBP,KES,1396985,"13,25,807.57",0.053686094,0,,
International Bank Transfer in British Pounds (GBP),"£10,000.00",Kenya,Durham University,GBP,GBP,10000,10000,0,0,,
International Bank Transfer in US Dollars (USD),"$13,357.00",Kenya,Durham University,GBP,USD,13357,"13,111.45",0.018727906,0,,
Domestic Bank Transfer in South Korean Won,"₩14,856,000.00","Korea, Republic of",Durham University,GBP,KRW,14856000,"1,45,88,826.78",0.018313551,0,,
VISA: Debit/Credit in KRW,"₩15,373,000.00","Korea, Republic of",Durham University,GBP,KRW,15373000,"1,45,88,826.78",0.05375163,0,,
MasterCard: Debit/Credit in KRW,"₩15,373,000.00","Korea, Republic of",Durham University,GBP,KRW,15373000,"1,45,88,826.78",0.05375163,0,,
UnionPay Card in KRW,"₩15,118,000.00","Korea, Republic of",Durham University,GBP,KRW,15118000,"1,45,88,826.78",0.0362725,0,,
International Bank Transfer in British Pounds (GBP),"£10,023.00","Korea, Republic of",Durham University,GBP,GBP,10023,10000,0,23,,
International Bank Transfer in US Dollars (USD),"$13,356.00","Korea, Republic of",Durham University,GBP,USD,13356,"13,111.45",0.018651637,0,,
VISA: Debit/Credit in KWD,"د.ك4,187.000",Kuwait,Durham University,GBP,KWD,4187,"3,972.74",0.05393255,0,,
MasterCard: Debit/Credit in KWD,"د.ك4,187.000",Kuwait,Durham University,GBP,KWD,4187,"3,972.74",0.05393255,0,,
International Bank Transfer in British Pounds (GBP),"£10,000.00",Kuwait,Durham University,GBP,GBP,10000,10000,0,0,,
International Bank Transfer in US Dollars (USD),"$13,354.00",Kuwait,Durham University,GBP,USD,13354,"13,111.45",0.018499098,0,,
Debit/Credit Card in KGS,"954,840.00 лв",Kyrgyzstan,Durham University,GBP,KGS,954840,"9,06,031.70",0.053870411,0,,
International Bank Transfer in US Dollars (USD),"$13,354.00",Kyrgyzstan,Durham University,GBP,USD,13354,"13,111.45",0.018499098,0,,
International Bank Transfer in British Pounds (GBP),"£10,000.00",Kyrgyzstan,Durham University,GBP,GBP,10000,10000,0,0,,
VISA: Debit/Credit in EUR,"11.633,00 €",Latvia,Durham University,GBP,EUR,11633,"11,202.47",0.038431703,0,,
MasterCard: Debit/Credit in EUR,"11.633,00 €",Latvia,Durham University,GBP,EUR,11633,"11,202.47",0.038431703,0,,
American Express in EUR,"11.633,00 €",Latvia,Durham University,GBP,EUR,11633,"11,202.47",0.038431703,0,,
PayPal in EUR,"11.745,00 €",Latvia,Durham University,GBP,EUR,11745,"11,202.47",0.048429498,0,,
Online Bank Transfer,"11.522,00 €",Latvia,Durham University,GBP,EUR,11522,"11,202.47",0.028523174,0,,
International Bank Transfer in US Dollars (USD),"$13,353.00",Latvia,Durham University,GBP,USD,13353,"13,111.45",0.018422829,0,,
International Bank Transfer in British Pounds (GBP),"£10,000.00",Latvia,Durham University,GBP,GBP,10000,10000,0,0,,
Debit/Credit Card in LBP,"£20,845,577.00",Lebanon,Durham University,GBP,LBP,20845577,"1,97,79,232.32",0.053912339,0,,
International Bank Transfer in US Dollars (USD),"$13,351.00",Lebanon,Durham University,GBP,USD,13351,"13,111.45",0.01827029,0,,
International Bank Transfer in British Pounds (GBP),"£10,000.00",Lebanon,Durham University,GBP,GBP,10000,10000,0,0,,
Domestic Bank Transfer in Euros (EUR),"11.523,00 €",Lithuania,Durham University,GBP,EUR,11523,"11,202.47",0.02861244,0,,
American Express in EUR,"11.634,00 €",Lithuania,Durham University,GBP,EUR,11634,"11,202.47",0.038520969,0,,
PayPal in EUR,"11.746,00 €",Lithuania,Durham University,GBP,EUR,11746,"11,202.47",0.048518764,0,,
Online Bank Transfer,"11.523,00 €",Lithuania,Durham University,GBP,EUR,11523,"11,202.47",0.02861244,0,,
International Bank Transfer in US Dollars (USD),"$13,350.00",Lithuania,Durham University,GBP,USD,13350,"13,111.45",0.018194021,0,,
International Bank Transfer in British Pounds (GBP),"£10,023.00",Lithuania,Durham University,GBP,GBP,10023,10000,0,23,,
International Bank Transfer in US Dollars (USD),"$13,352.00",Madagascar,Durham University,GBP,USD,13352,"13,111.45",0.01834656,0,,
International Bank Transfer in British Pounds (GBP),"£10,000.00",Madagascar,Durham University,GBP,GBP,10000,10000,0,0,,
Domestic Bank Transfer in Malaysian Ringgit (MYR),"RM55,430.00",Malaysia,Durham University,GBP,MYR,55430,"54,309.55",0.02063081,0,,
VISA: Debit/Credit in MYR,"RM57,250.00",Malaysia,Durham University,GBP,MYR,57250,"54,309.55",0.054142411,0,,
MasterCard: Debit/Credit in MYR,"RM57,250.00",Malaysia,Durham University,GBP,MYR,57250,"54,309.55",0.054142411,0,,
UnionPay Card in MYR,"RM56,300.00",Malaysia,Durham University,GBP,MYR,56300,"54,309.55",0.036650092,0,,
International Bank Transfer in US Dollars (USD),"$13,352.00",Malaysia,Durham University,GBP,USD,13352,"13,111.45",0.01834656,0,,
International Bank Transfer in British Pounds (GBP),"£10,000.00",Malaysia,Durham University,GBP,GBP,10000,10000,0,0,,
International Bank Transfer in Euros (EUR),"11.521,00 €",Malaysia,Durham University,GBP,EUR,11521,"11,202.47",0.028433908,0,,
MasterCard: Debit/Credit in MVR,"213,090.00 Rf",Maldives,Durham University,GBP,MVR,213090,"2,02,033.91",0.054723932,0,,
VISA: Debit/Credit in MVR,"213,090.00 Rf",Maldives,Durham University,GBP,MVR,213090,"2,02,033.91",0.054723932,0,,
International Bank Transfer in US Dollars (USD),"$13,353.00",Maldives,Durham University,GBP,USD,13353,"13,111.45",0.018422829,0,,
International Bank Transfer in British Pounds (GBP),"£10,000.00",Maldives,Durham University,GBP,GBP,10000,10000,0,0,,
Domestic Bank Transfer in Euros (EUR),"11.521,00 €",Malta,Durham University,GBP,EUR,11521,"11,202.47",0.028433908,0,,
VISA: Debit/Credit in EUR,"11.632,00 €",Malta,Durham University,GBP,EUR,11632,"11,202.47",0.038342437,0,,
MasterCard: Debit/Credit in EUR,"11.632,00 €",Malta,Durham University,GBP,EUR,11632,"11,202.47",0.038342437,0,,
American Express in EUR,"11.632,00 €",Malta,Durham University,GBP,EUR,11632,"11,202.47",0.038342437,0,,
PayPal in EUR,"11.744,00 €",Malta,Durham University,GBP,EUR,11744,"11,202.47",0.048340232,0,,
Online Bank Transfer,"11.521,00 €",Malta,Durham University,GBP,EUR,11521,"11,202.47",0.028433908,0,,
International Bank Transfer in US Dollars (USD),"$13,352.00",Malta,Durham University,GBP,USD,13352,"13,111.45",0.01834656,0,,
International Bank Transfer in British Pounds (GBP),"£10,000.00",Malta,Durham University,GBP,GBP,10000,10000,0,0,,
VISA: Debit/Credit in MUR,"₨472,726.00",Mauritius,Durham University,GBP,MUR,472726,"4,48,850.27",0.053193084,0,,
MasterCard: Debit/Credit in MUR,"₨472,726.00",Mauritius,Durham University,GBP,MUR,472726,"4,48,850.27",0.053193084,0,,
Bank Transfer in Mauritian Rupee (MUR),"₨457,772.00",Mauritius,Durham University,GBP,MUR,457772,"4,48,850.27",0.019876851,0,,
International Bank Transfer in US Dollars (USD),"$13,354.00",Mauritius,Durham University,GBP,USD,13354,"13,111.45",0.018499098,0,,
International Bank Transfer in British Pounds (GBP),"£10,000.00",Mauritius,Durham University,GBP,GBP,10000,10000,0,0,,
Domestic Bank Transfer in Mexican Pesos (MXN),"$256,372.00",Mexico,Durham University,GBP,MXN,256372,"2,48,307.82",0.032476545,0,,
VISA: Debit/Credit in MXN,"$261,640.00",Mexico,Durham University,GBP,MXN,261640,"2,48,307.82",0.053692147,0,,
MasterCard: Debit/Credit in MXN,"$261,640.00",Mexico,Durham University,GBP,MXN,261640,"2,48,307.82",0.053692147,0,,
International Bank Transfer in British Pounds (GBP),"£10,023.00",Mexico,Durham University,GBP,GBP,10023,10000,0,23,,
International Bank Transfer in US Dollars (USD),"$13,357.00",Mexico,Durham University,GBP,USD,13357,"13,111.45",0.018727906,0,,
VISA: Debit/Credit in USD,"$13,756.00",Mexico,Durham University,GBP,USD,13756,"13,111.45",0.049159323,0,,
MasterCard: Debit/Credit in USD,"$13,756.00",Mexico,Durham University,GBP,USD,13756,"13,111.45",0.049159323,0,,
Debit/Credit Card in MDL,"232,930.00 MDL","Moldova, Republic of",Durham University,GBP,MDL,232930,"2,21,087.55",0.053564527,0,,
International Bank Transfer in British Pounds (GBP),"£10,000.00","Moldova, Republic of",Durham University,GBP,GBP,10000,10000,0,0,,
International Bank Transfer in US Dollars (USD),"$13,360.00","Moldova, Republic of",Durham University,GBP,USD,13360,"13,111.45",0.018956713,0,,
Domestic Bank Transfer in Euros (EUR),"11.527,00 €",Monaco,Durham University,GBP,EUR,11527,"11,202.47",0.028969504,0,,
VISA: Debit/Credit in EUR,"11.638,00 €",Monaco,Durham University,GBP,EUR,11638,"11,202.47",0.038878033,0,,
MasterCard: Debit/Credit in EUR,"11.638,00 €",Monaco,Durham University,GBP,EUR,11638,"11,202.47",0.038878033,0,,
American Express in EUR,"11.638,00 €",Monaco,Durham University,GBP,EUR,11638,"11,202.47",0.038878033,0,,
PayPal in EUR,"11.751,00 €",Monaco,Durham University,GBP,EUR,11751,"11,202.47",0.048965094,0,,
International Bank Transfer in US Dollars (USD),"$13,362.00",Monaco,Durham University,GBP,USD,13362,"13,111.45",0.019109252,0,,
International Bank Transfer in British Pounds (GBP),"£10,023.00",Monaco,Durham University,GBP,GBP,10023,10000,0,23,,
Debit/Credit Card in MNT,"34,947,100.00 ₮",Mongolia,Durham University,GBP,MNT,34947100,"3,31,64,718.01",0.053743318,0,,
International Bank Transfer in US Dollars (USD),"$13,363.00",Mongolia,Durham University,GBP,USD,13363,"13,111.45",0.019185521,0,,
International Bank Transfer in British Pounds (GBP),"£10,000.00",Mongolia,Durham University,GBP,GBP,10000,10000,0,0,,
Domestic Bank Transfer in Euros (EUR),"11.527,00 €",Montenegro,Durham University,GBP,EUR,11527,"11,202.47",0.028969504,0,,
VISA: Debit/Credit in EUR,"11.638,00 €",Montenegro,Durham University,GBP,EUR,11638,"11,202.47",0.038878033,0,,
MasterCard: Debit/Credit in EUR,"11.638,00 €",Montenegro,Durham University,GBP,EUR,11638,"11,202.47",0.038878033,0,,
American Express in EUR,"11.638,00 €",Montenegro,Durham University,GBP,EUR,11638,"11,202.47",0.038878033,0,,
PayPal in EUR,"11.750,00 €",Montenegro,Durham University,GBP,EUR,11750,"11,202.47",0.048875828,0,,
International Bank Transfer in US Dollars (USD),"$13,362.00",Montenegro,Durham University,GBP,USD,13362,"13,111.45",0.019109252,0,,
International Bank Transfer in British Pounds (GBP),"£10,023.00",Montenegro,Durham University,GBP,GBP,10023,10000,0,23,,
VISA: Debit/Credit in MAD,"129,663.00 د.م.",Morocco,Durham University,GBP,MAD,129663,"1,23,068.94",0.053580213,0,,
MasterCard: Debit/Credit in MAD,"129,663.00 د.م.",Morocco,Durham University,GBP,MAD,129663,"1,23,068.94",0.053580213,0,,
International Bank Transfer in US Dollars (USD),"$13,363.00",Morocco,Durham University,GBP,USD,13363,"13,111.45",0.019185521,0,,
International Bank Transfer in British Pounds (GBP),"£10,000.00",Morocco,Durham University,GBP,GBP,10000,10000,0,0,,
MasterCard,"MTn839.100,00",Mozambique,Durham University,GBP,MZN,839100,"7,97,726.02",0.0518649,0,,
VISA,"MTn839.100,00",Mozambique,Durham University,GBP,MZN,839100,"7,97,726.02",0.0518649,0,,
International Bank Transfer in US Dollars (USD),"$13,358.00",Mozambique,Durham University,GBP,USD,13358,"13,111.45",0.018804175,0,,
International Bank Transfer in British Pounds (GBP),"£10,000.00",Mozambique,Durham University,GBP,GBP,10000,10000,0,0,,
Debit/Credit Card in MMK,"22,052,000.00 K",Myanmar,Durham University,GBP,MMK,22052000,"2,09,24,759.74",0.053871121,0,,
International Bank Transfer in US Dollars (USD),"$13,359.00",Myanmar,Durham University,GBP,USD,13359,"13,111.45",0.018880444,0,,
International Bank Transfer in British Pounds (GBP),"£10,000.00",Myanmar,Durham University,GBP,GBP,10000,10000,0,0,,
VISA: Debit/Credit in NAD,"196,020.00 N$",Namibia,Durham University,GBP,NAD,196020,"1,85,912.37",0.054367711,0,,
Mastercard: Debit/Credit in NAD,"196,020.00 N$",Namibia,Durham University,GBP,NAD,196020,"1,85,912.37",0.054367711,0,,
International Bank Transfer in US Dollars (USD),"$13,359.00",Namibia,Durham University,GBP,USD,13359,"13,111.45",0.018880444,0,,
International Bank Transfer in British Pounds (GBP),"£10,000.00",Namibia,Durham University,GBP,GBP,10000,10000,0,0,,
International Bank Transfer in South African Rand (ZAR),"R191,018.00",Namibia,Durham University,GBP,ZAR,191018,"1,85,912.37",0.027462562,0,,
VISA: Debit/Credit in NPR,"₨1,614,010.00",Nepal,Durham University,GBP,NPR,1614010,"15,31,417.39",0.053932135,0,,
MasterCard: Debit/Credit in NPR,"₨1,614,010.00",Nepal,Durham University,GBP,NPR,1614010,"15,31,417.39",0.053932135,0,,
International Bank Transfer in British Pounds (GBP),"£10,000.00",Nepal,Durham University,GBP,GBP,10000,10000,0,0,,
International Bank Transfer in US Dollars (USD),"$13,360.00",Nepal,Durham University,GBP,USD,13360,"13,111.45",0.018956713,0,,
Online Bank Transfer,"11.518,00 €",Netherlands,Durham University,GBP,EUR,11518,"11,202.47",0.02816611,0,,
Domestic Bank Transfer in Euros (EUR),"11.518,00 €",Netherlands,Durham University,GBP,EUR,11518,"11,202.47",0.02816611,0,,
VISA: Debit/Credit in EUR,"11.629,00 €",Netherlands,Durham University,GBP,EUR,11629,"11,202.47",0.038074639,0,,
MasterCard: Debit/Credit in EUR,"11.629,00 €",Netherlands,Durham University,GBP,EUR,11629,"11,202.47",0.038074639,0,,
American Express in EUR,"11.629,00 €",Netherlands,Durham University,GBP,EUR,11629,"11,202.47",0.038074639,0,,
PayPal in EUR,"11.742,00 €",Netherlands,Durham University,GBP,EUR,11742,"11,202.47",0.0481617,0,,
International Bank Transfer in British Pounds (GBP),"£10,023.00",Netherlands,Durham University,GBP,GBP,10023,10000,0,23,,
International Bank Transfer in US Dollars (USD),"$13,359.00",Netherlands,Durham University,GBP,USD,13359,"13,111.45",0.018880444,0,,
Domestic Bank Transfer in New Zealand Dollar (NZD),"$20,375.00",New Zealand,Durham University,GBP,NZD,20375,"19,764.86",0.030869938,0,,
VISA: Debit/Credit in NZD,"$20,717.00",New Zealand,Durham University,GBP,NZD,20717,"19,764.86",0.048173374,0,,
MasterCard: Debit/Credit in NZD,"$20,717.00",New Zealand,Durham University,GBP,NZD,20717,"19,764.86",0.048173374,0,,
International Bank Transfer in US Dollars (USD),"$13,360.00",New Zealand,Durham University,GBP,USD,13360,"13,111.45",0.018956713,0,,
International Bank Transfer in British Pounds (GBP),"£10,000.00",New Zealand,Durham University,GBP,GBP,10000,10000,0,0,,
MasterCard: Debit/Credit in NIO,"442,700.00 C$",Nicaragua,Durham University,GBP,NIO,442700,"4,20,117.65",0.053752443,0,,
VISA: Debit/Credit in NIO,"442,700.00 C$",Nicaragua,Durham University,GBP,NIO,442700,"4,20,117.65",0.053752443,0,,
International Bank Transfer in US Dollars (USD),"$13,361.00",Nicaragua,Durham University,GBP,USD,13361,"13,111.45",0.019032983,0,,
International Bank Transfer in British Pounds (GBP),"£10,000.00",Nicaragua,Durham University,GBP,GBP,10000,10000,0,0,,
VISA: Debit/Credit in USD,"$13,760.00",Nicaragua,Durham University,GBP,USD,13760,"13,111.45",0.049464399,0,,
MasterCard: Debit/Credit in USD,"$13,760.00",Nicaragua,Durham University,GBP,USD,13760,"13,111.45",0.049464399,0,,
Debit/Credit Card in XOF,"7,743,400.00 CFA",Niger,Durham University,GBP,XOF,7743400,"73,47,782.10",0.053841812,0,,
International Bank Transfer in US Dollars (USD),"$13,362.00",Niger,Durham University,GBP,USD,13362,"13,111.45",0.019109252,0,,
International Bank Transfer in British Pounds (GBP),"£10,000.00",Niger,Durham University,GBP,GBP,10000,10000,0,0,,
Debit/Credit Card in NGN,"5,106,383.00 ₦",Nigeria,Durham University,GBP,NGN,5106383,"47,30,241.41",0.079518476,0,,
Online Bank Transfer in NGN,"5,106,383.00 ₦",Nigeria,Durham University,GBP,NGN,5106383,"47,30,241.41",0.079518476,0,,
International Bank Transfer in US Dollars (USD),"$13,364.00",Nigeria,Durham University,GBP,USD,13364,"13,111.45",0.01926179,0,,
International Bank Transfer in Euros (EUR),"11.520,00 €",Nigeria,Durham University,GBP,EUR,11520,"11,202.47",0.028344642,0,,
International Bank Transfer in British Pounds (GBP),"£10,000.00",Nigeria,Durham University,GBP,GBP,10000,10000,0,0,,
MasterCard: Debit/Credit in USD,"$13,836.00",Nigeria,Durham University,GBP,USD,13836,"13,111.45",0.05526086,0,,
VISA: Debit/Credit in USD,"$13,836.00",Nigeria,Durham University,GBP,USD,13836,"13,111.45",0.05526086,0,,
Domestic Bank Transfer in Norwegian Krone (NOK),"kr109.667,00",Norway,Durham University,GBP,NOK,109667,"1,06,669.92",0.028096768,0,,
VISA: Debit/Credit in NOK,"kr110.726,00",Norway,Durham University,GBP,NOK,110726,"1,06,669.92",0.03802459,0,,
MasterCard: Debit/Credit in NOK,"kr110.726,00",Norway,Durham University,GBP,NOK,110726,"1,06,669.92",0.03802459,0,,
American Express in NOK,"kr110.726,00",Norway,Durham University,GBP,NOK,110726,"1,06,669.92",0.03802459,0,,
Online Bank Transfer,"kr109.667,00",Norway,Durham University,GBP,NOK,109667,"1,06,669.92",0.028096768,0,,
International Bank Transfer in British Pounds (GBP),"£10,023.00",Norway,Durham University,GBP,GBP,10023,10000,0,23,,
International Bank Transfer in US Dollars (USD),"$13,358.00",Norway,Durham University,GBP,USD,13358,"13,111.45",0.018804175,0,,
VISA: Debit/Credit in OMR,"ر.ع.5,319.000",Oman,Durham University,GBP,OMR,5319,"5,046.63",0.05397067,0,,
MasterCard: Debit/Credit in OMR,"ر.ع.5,319.000",Oman,Durham University,GBP,OMR,5319,"5,046.63",0.05397067,0,,
International Bank Transfer in US Dollars (USD),"$13,354.00",Oman,Durham University,GBP,USD,13354,"13,111.45",0.018499098,0,,
International Bank Transfer in British Pounds (GBP),"£10,000.00",Oman,Durham University,GBP,GBP,10000,10000,0,0,,
VISA: Debit/Credit in PKR,"₨1,714,840.00",Pakistan,Durham University,GBP,PKR,1714840,"16,25,083.85",0.055231704,0,,
MasterCard: Debit/Credit in PKR,"₨1,714,840.00",Pakistan,Durham University,GBP,PKR,1714840,"16,25,083.85",0.055231704,0,,
UnionPay Card in PKR,"₨1,686,410.00",Pakistan,Durham University,GBP,PKR,1686410,"16,25,083.85",0.037737222,0,,
International Bank Transfer in British Pounds (GBP),"£10,000.00",Pakistan,Durham University,GBP,GBP,10000,10000,0,0,,
International Bank Transfer in US Dollars (USD),"$13,357.00",Pakistan,Durham University,GBP,USD,13357,"13,111.45",0.018727906,0,,
MasterCard: Debit/Credit in PAB,"13,830.00 B/.",Panama,Durham University,GBP,PAB,13830,"13,122.92",0.053881301,0,,
VISA: Debit/Credit in PAB,"13,830.00 B/.",Panama,Durham University,GBP,PAB,13830,"13,122.92",0.053881301,0,,
International Bank Transfer in US Dollars (USD),"$13,359.00",Panama,Durham University,GBP,USD,13359,"13,111.45",0.018880444,0,,
International Bank Transfer in British Pounds (GBP),"£10,000.00",Panama,Durham University,GBP,GBP,10000,10000,0,0,,
VISA: Debit/Credit in USD,"$13,759.00",Panama,Durham University,GBP,USD,13759,"13,111.45",0.04938813,0,,
MasterCard: Debit/Credit in USD,"$13,759.00",Panama,Durham University,GBP,USD,13759,"13,111.45",0.04938813,0,,
MasterCard: Debit/Credit in PGK,"44,994.00 K",Papua New Guinea,Durham University,GBP,PGK,44994,"42,855.40",0.049902696,0,,
Visa: Debit/Credit in PGK,"44,994.00 K",Papua New Guinea,Durham University,GBP,PGK,44994,"42,855.40",0.049902696,0,,
International Bank Transfer in US Dollars (USD),"$13,359.00",Papua New Guinea,Durham University,GBP,USD,13359,"13,111.45",0.018880444,0,,
International Bank Transfer in British Pounds (GBP),"£10,000.00",Papua New Guinea,Durham University,GBP,GBP,10000,10000,0,0,,
Domestic Bank Transfer in New Zealand Dollar (NZD),"$20,154.00",Papua New Guinea,Durham University,GBP,NZD,20154,"19,764.57",0.019703439,0,,
VISA: Debit/Credit in PYG,"₲81,384,900.00",Paraguay,Durham University,GBP,PYG,81384900,"7,72,85,629.47",0.053040527,0,,
MasterCard: Debit/Credit in PYG,"₲81,384,900.00",Paraguay,Durham University,GBP,PYG,81384900,"7,72,85,629.47",0.053040527,0,,
International Bank Transfer in British Pounds (GBP),"£10,000.00",Paraguay,Durham University,GBP,GBP,10000,10000,0,0,,
International Bank Transfer in US Dollars (USD),"$13,356.00",Paraguay,Durham University,GBP,USD,13356,"13,111.45",0.018651637,0,,
VISA: Debit/Credit in USD,"$13,755.00",Paraguay,Durham University,GBP,USD,13755,"13,111.45",0.049083053,0,,
MasterCard: Debit/Credit in USD,"$13,755.00",Paraguay,Durham University,GBP,USD,13755,"13,111.45",0.049083053,0,,
VISA: Debit/Credit in PEN,"S/.45,677.00",Peru,Durham University,GBP,PEN,45677,"43,347.63",0.053736963,0,,
MasterCard: Debit/Credit in PEN,"S/.45,677.00",Peru,Durham University,GBP,PEN,45677,"43,347.63",0.053736963,0,,
International Bank Transfer in US Dollars (USD),"$13,353.00",Peru,Durham University,GBP,USD,13353,"13,111.45",0.018422829,0,,
International Bank Transfer in British Pounds (GBP),"£10,000.00",Peru,Durham University,GBP,GBP,10000,10000,0,0,,
International Bank Transfer in Euros (EUR),"11.515,00 €",Peru,Durham University,GBP,EUR,11515,"11,202.47",0.027898312,0,,
VISA: Debit/Credit in USD,"$13,752.00",Peru,Durham University,GBP,USD,13752,"13,111.45",0.048854246,0,,
MasterCard: Debit/Credit in USD,"$13,752.00",Peru,Durham University,GBP,USD,13752,"13,111.45",0.048854246,0,,
VISA: Debit/Credit in PHP,"₱748,669.00",Philippines,Durham University,GBP,PHP,748669,"7,10,109.95",0.054300112,0,,
MasterCard: Debit/Credit in PHP,"₱748,669.00",Philippines,Durham University,GBP,PHP,748669,"7,10,109.95",0.054300112,0,,
UnionPay Card in PHP,"₱736,256.00",Philippines,Durham University,GBP,PHP,736256,"7,10,109.95",0.036819721,0,,
International Bank Transfer in US Dollars (USD),"$13,352.00",Philippines,Durham University,GBP,USD,13352,"13,111.45",0.01834656,0,,
International Bank Transfer in British Pounds (GBP),"£10,000.00",Philippines,Durham University,GBP,GBP,10000,10000,0,0,,
Bank Transfer from a Polish Złoty (PLN) Account,"49,530.00 zł",Poland,Durham University,GBP,PLN,49530,"47,930.13",0.033379213,0,,
VISA: Debit/Credit in PLN,"50,496.00 zł",Poland,Durham University,GBP,PLN,50496,"47,930.13",0.05353355,0,,
MasterCard: Debit/Credit in PLN,"50,496.00 zł",Poland,Durham University,GBP,PLN,50496,"47,930.13",0.05353355,0,,
Online Bank Transfer,"49,530.00 zł",Poland,Durham University,GBP,PLN,49530,"47,930.13",0.033379213,0,,
International Bank Transfer in US Dollars (USD),"$13,354.00",Poland,Durham University,GBP,USD,13354,"13,111.45",0.018499098,0,,
American Express in EUR,"11.627,00 €",Poland,Durham University,GBP,EUR,11627,"11,202.47",0.037896107,0,,
International Bank Transfer in British Pounds (GBP),"£10,000.00",Poland,Durham University,GBP,GBP,10000,10000,0,0,,
Domestic Bank Transfer in Euros (EUR),"11.517,00 €",Portugal,Durham University,GBP,EUR,11517,"11,202.47",0.028076844,0,,
VISA: Debit/Credit in EUR,"11.628,00 €",Portugal,Durham University,GBP,EUR,11628,"11,202.47",0.037985373,0,,
MasterCard: Debit/Credit in EUR,"11.628,00 €",Portugal,Durham University,GBP,EUR,11628,"11,202.47",0.037985373,0,,
American Express in EUR,"11.628,00 €",Portugal,Durham University,GBP,EUR,11628,"11,202.47",0.037985373,0,,
PayPal in EUR,"11.740,00 €",Portugal,Durham University,GBP,EUR,11740,"11,202.47",0.047983168,0,,
Online Bank Transfer,"11.517,00 €",Portugal,Durham University,GBP,EUR,11517,"11,202.47",0.028076844,0,,
International Bank Transfer in US Dollars (USD),"$13,354.00",Portugal,Durham University,GBP,USD,13354,"13,111.45",0.018499098,0,,
International Bank Transfer in British Pounds (GBP),"£10,000.00",Portugal,Durham University,GBP,GBP,10000,10000,0,0,,
International Bank Transfer in US Dollars (USD),"$13,357.00",Puerto Rico,Durham University,GBP,USD,13357,"13,111.45",0.018727906,0,,
International Bank Transfer in Canadian Dollars (CAD),"$17,461.00",Puerto Rico,Durham University,GBP,CAD,17461,"17,126.13",0.019553162,0,,
International Bank Transfer in British Pounds (GBP),"£10,000.00",Puerto Rico,Durham University,GBP,GBP,10000,10000,0,0,,
Bank Transfer in Qatari Riyal (QAR),"49,129.00 ر.ق",Qatar,Durham University,GBP,QAR,49129,"47,756.96",0.028729634,0,,
VISA: Debit/Credit in QAR,"50,320.00 ر.ق",Qatar,Durham University,GBP,QAR,50320,"47,756.96",0.053668408,0,,
MasterCard: Debit/Credit in QAR,"50,320.00 ر.ق",Qatar,Durham University,GBP,QAR,50320,"47,756.96",0.053668408,0,,
International Bank Transfer in US Dollars (USD),"$13,357.00",Qatar,Durham University,GBP,USD,13357,"13,111.45",0.018727906,0,,
International Bank Transfer in British Pounds (GBP),"£10,000.00",Qatar,Durham University,GBP,GBP,10000,10000,0,0,,
International Bank Transfer in Euros (EUR),"11.524,00 €",Reunion,Durham University,GBP,EUR,11524,"11,202.47",0.028701706,0,,
International Bank Transfer in US Dollars (USD),"$13,362.00",Reunion,Durham University,GBP,USD,13362,"13,111.45",0.019109252,0,,
International Bank Transfer in British Pounds (GBP),"£10,000.00",Reunion,Durham University,GBP,GBP,10000,10000,0,0,,
Bank Transfer in Romanian Leu (RON),"RON54.001,00",Romania,Durham University,GBP,RON,54001,"52,261.61",0.033282365,0,,
VISA: Debit/Credit in RON,"RON55.054,00",Romania,Durham University,GBP,RON,55054,"52,261.61",0.053430998,0,,
MasterCard: Debit/Credit in RON,"RON55.054,00",Romania,Durham University,GBP,RON,55054,"52,261.61",0.053430998,0,,
Online Bank Transfer,"RON54.001,00",Romania,Durham University,GBP,RON,54001,"52,261.61",0.033282365,0,,
International Bank Transfer in US Dollars (USD),"$13,363.00",Romania,Durham University,GBP,USD,13363,"13,111.45",0.019185521,0,,
American Express in EUR,"11.635,00 €",Romania,Durham University,GBP,EUR,11635,"11,202.47",0.038610235,0,,
International Bank Transfer in British Pounds (GBP),"£10,000.00",Romania,Durham University,GBP,GBP,10000,10000,0,0,,
VISA: Debit/Credit in RUB,"909.112,00 руб",Russian Federation,Durham University,GBP,RUB,909112,"8,62,752.47",0.053734451,0,,
MasterCard: Debit/Credit in RUB,"909.112,00 руб",Russian Federation,Durham University,GBP,RUB,909112,"8,62,752.47",0.053734451,0,,
International Bank Transfer in US Dollars (USD),"$13,364.00",Russian Federation,Durham University,GBP,USD,13364,"13,111.45",0.01926179,0,,
International Bank Transfer in Euros (EUR),"11.524,00 €",Russian Federation,Durham University,GBP,EUR,11524,"11,202.47",0.028701706,0,,
International Bank Transfer in British Pounds (GBP),"£10,000.00",Russian Federation,Durham University,GBP,GBP,10000,10000,0,0,,
Debit/Credit Card in RWF,"12,192,500.00 FRw",Rwanda,Durham University,GBP,RWF,12192500,"1,15,47,631.57",0.055844216,0,,
International Bank Transfer in US Dollars (USD),"$13,363.00",Rwanda,Durham University,GBP,USD,13363,"13,111.45",0.019185521,0,,
International Bank Transfer in British Pounds (GBP),"£10,000.00",Rwanda,Durham University,GBP,GBP,10000,10000,0,0,,
VISA: Debit/Credit in XCD,"$37,400.00",Saint Vincent and the Grenadines,Durham University,GBP,XCD,37400,"35,481.04",0.054084097,0,,
MasterCard: Debit/Credit in XCD,"$37,400.00",Saint Vincent and the Grenadines,Durham University,GBP,XCD,37400,"35,481.04",0.054084097,0,,
International Bank Transfer in US Dollars (USD),"$13,363.00",Saint Vincent and the Grenadines,Durham University,GBP,USD,13363,"13,111.45",0.019185521,0,,
International Bank Transfer in British Pounds (GBP),"£10,000.00",Saint Vincent and the Grenadines,Durham University,GBP,GBP,10000,10000,0,0,,
Bank Transfer in Saudi Riyal (SAR),"ر.س50,651.00",Saudi Arabia,Durham University,GBP,SAR,50651,"49,231.80",0.028826896,0,,
VISA: Debit/Credit in SAR,"ر.س51,879.00",Saudi Arabia,Durham University,GBP,SAR,51879,"49,231.80",0.053770124,0,,
MasterCard: Debit/Credit in SAR,"ر.س51,879.00",Saudi Arabia,Durham University,GBP,SAR,51879,"49,231.80",0.053770124,0,,
International Bank Transfer in US Dollars (USD),"$13,364.00",Saudi Arabia,Durham University,GBP,USD,13364,"13,111.45",0.01926179,0,,
International Bank Transfer in British Pounds (GBP),"£10,000.00",Saudi Arabia,Durham University,GBP,GBP,10000,10000,0,0,,
Debit/Credit Card in XOF,"7,746,400.00 CFA",Senegal,Durham University,GBP,XOF,7746400,"73,51,985.60",0.05364733,0,,
International Bank Transfer in US Dollars (USD),"$13,363.00",Senegal,Durham University,GBP,USD,13363,"13,111.45",0.019185521,0,,
International Bank Transfer in British Pounds (GBP),"£10,000.00",Senegal,Durham University,GBP,GBP,10000,10000,0,0,,
Mastercard: Debit/Credit in RSD,"РСД1,398,900.00",Serbia,Durham University,GBP,RSD,1398900,"13,27,547.88",0.053747304,0,,
VISA: Debit/Credit in RSD,"РСД1,398,900.00",Serbia,Durham University,GBP,RSD,1398900,"13,27,547.88",0.053747304,0,,
International Bank Transfer in US Dollars (USD),"$13,361.00",Serbia,Durham University,GBP,USD,13361,"13,111.45",0.019032983,0,,
International Bank Transfer in British Pounds (GBP),"£10,000.00",Serbia,Durham University,GBP,GBP,10000,10000,0,0,,
VISA,"187,418.00 ₨",Seychelles,Durham University,GBP,SCR,187418,"1,77,786.74",0.054173106,0,,
MasterCard,"187,418.00 ₨",Seychelles,Durham University,GBP,SCR,187418,"1,77,786.74",0.054173106,0,,
International Bank Transfer in US Dollars (USD),"$13,362.00",Seychelles,Durham University,GBP,USD,13362,"13,111.45",0.019109252,0,,
International Bank Transfer in British Pounds (GBP),"£10,000.00",Seychelles,Durham University,GBP,GBP,10000,10000,0,0,,
Bank Transfer in Singapore Dollar(SGD),"S$18,380.00",Singapore,Durham University,GBP,SGD,18380,"17,918.21",0.025772106,0,,
American Express in SGD,"S$18,380.00",Singapore,Durham University,GBP,SGD,18380,"17,918.21",0.025772106,0,,
VISA: Debit/Credit in SGD,"S$18,785.00",Singapore,Durham University,GBP,SGD,18785,"17,918.21",0.04837481,0,,
MasterCard: Debit/Credit in SGD,"S$18,785.00",Singapore,Durham University,GBP,SGD,18785,"17,918.21",0.04837481,0,,
International Bank Transfer in US Dollars (USD),"$13,362.00",Singapore,Durham University,GBP,USD,13362,"13,111.45",0.019109252,0,,
International Bank Transfer in British Pounds (GBP),"£10,000.00",Singapore,Durham University,GBP,GBP,10000,10000,0,0,,
Domestic Bank Transfer in Euros (EUR),"11.530,00 €",Slovakia,Durham University,GBP,EUR,11530,"11,202.47",0.029237302,0,,
VISA: Debit/Credit in EUR,"11.642,00 €",Slovakia,Durham University,GBP,EUR,11642,"11,202.47",0.039235097,0,,
MasterCard: Debit/Credit in EUR,"11.642,00 €",Slovakia,Durham University,GBP,EUR,11642,"11,202.47",0.039235097,0,,
American Express in EUR,"11.642,00 €",Slovakia,Durham University,GBP,EUR,11642,"11,202.47",0.039235097,0,,
PayPal in EUR,"11.754,00 €",Slovakia,Durham University,GBP,EUR,11754,"11,202.47",0.049232892,0,,
Online Bank Transfer,"11.530,00 €",Slovakia,Durham University,GBP,EUR,11530,"11,202.47",0.029237302,0,,
International Bank Transfer in US Dollars (USD),"$13,363.00",Slovakia,Durham University,GBP,USD,13363,"13,111.45",0.019185521,0,,
International Bank Transfer in British Pounds (GBP),"£10,000.00",Slovakia,Durham University,GBP,GBP,10000,10000,0,0,,
Domestic Bank Transfer in Euros (EUR),"11.532,00 €",Slovenia,Durham University,GBP,EUR,11532,"11,202.47",0.029415834,0,,
VISA: Debit/Credit in EUR,"11.643,00 €",Slovenia,Durham University,GBP,EUR,11643,"11,202.47",0.039324363,0,,
MasterCard: Debit/Credit in EUR,"11.643,00 €",Slovenia,Durham University,GBP,EUR,11643,"11,202.47",0.039324363,0,,
American Express in EUR,"11.643,00 €",Slovenia,Durham University,GBP,EUR,11643,"11,202.47",0.039324363,0,,
PayPal in EUR,"11.756,00 €",Slovenia,Durham University,GBP,EUR,11756,"11,202.47",0.049411424,0,,
Online Bank Transfer,"11.532,00 €",Slovenia,Durham University,GBP,EUR,11532,"11,202.47",0.029415834,0,,
International Bank Transfer in US Dollars (USD),"$13,366.00",Slovenia,Durham University,GBP,USD,13366,"13,111.45",0.019414329,0,,
International Bank Transfer in British Pounds (GBP),"£10,023.00",Slovenia,Durham University,GBP,GBP,10023,10000,0,23,,
Debit/Credit Card in SOS,"7,979,500.00 Sh",Somalia,Durham University,GBP,SOS,7979500,"75,72,463.50",0.05375219,0,,
International Bank Transfer in US Dollars (USD),"$13,363.00",Somalia,Durham University,GBP,USD,13363,"13,111.45",0.019185521,0,,
International Bank Transfer in British Pounds (GBP),"£10,000.00",Somalia,Durham University,GBP,GBP,10000,10000,0,0,,
Bank Transfer in South African Rand (ZAR),"R192,826.00",South Africa,Durham University,GBP,ZAR,192826,"1,86,101.82",0.036131726,0,,
MasterCard: Debit/Credit in ZAR,"R195,050.00",South Africa,Durham University,GBP,ZAR,195050,"1,86,101.82",0.048082174,0,,
VISA: Debit/Credit in ZAR,"R195,050.00",South Africa,Durham University,GBP,ZAR,195050,"1,86,101.82",0.048082174,0,,
International Bank Transfer in US Dollars (USD),"$13,363.00",South Africa,Durham University,GBP,USD,13363,"13,111.45",0.019185521,0,,
International Bank Transfer in British Pounds (GBP),"£10,000.00",South Africa,Durham University,GBP,GBP,10000,10000,0,0,,
VISA: Debit/Credit in USD,"$13,763.00",South Africa,Durham University,GBP,USD,13763,"13,111.45",0.049693207,0,,
MasterCard: Debit/Credit in USD,"$13,763.00",South Africa,Durham University,GBP,USD,13763,"13,111.45",0.049693207,0,,
Domestic Bank Transfer in Euros (EUR),"11.530,00 €",Spain,Durham University,GBP,EUR,11530,"11,202.47",0.029237302,0,,
VISA: Debit/Credit in EUR,"11.641,00 €",Spain,Durham University,GBP,EUR,11641,"11,202.47",0.039145831,0,,
MasterCard: Debit/Credit in EUR,"11.641,00 €",Spain,Durham University,GBP,EUR,11641,"11,202.47",0.039145831,0,,
American Express in EUR,"11.641,00 €",Spain,Durham University,GBP,EUR,11641,"11,202.47",0.039145831,0,,
PayPal in EUR,"11.754,00 €",Spain,Durham University,GBP,EUR,11754,"11,202.47",0.049232892,0,,
Online Bank Transfer,"11.530,00 €",Spain,Durham University,GBP,EUR,11530,"11,202.47",0.029237302,0,,
International Bank Transfer in US Dollars (USD),"$13,362.00",Spain,Durham University,GBP,USD,13362,"13,111.45",0.019109252,0,,
International Bank Transfer in British Pounds (GBP),"£10,023.00",Spain,Durham University,GBP,GBP,10023,10000,0,23,,
VISA: Debit/Credit in LKR,"2,341,100.00 ₨",Sri Lanka,Durham University,GBP,LKR,2341100,"22,21,564.89",0.053806715,0,,
MasterCard: Debit/Credit in LKR,"2,341,100.00 ₨",Sri Lanka,Durham University,GBP,LKR,2341100,"22,21,564.89",0.053806715,0,,
International Bank Transfer in US Dollars (USD),"$13,362.00",Sri Lanka,Durham University,GBP,USD,13362,"13,111.45",0.019109252,0,,
International Bank Transfer in British Pounds (GBP),"£10,000.00",Sri Lanka,Durham University,GBP,GBP,10000,10000,0,0,,
VISA: Debit/Credit in SRD,"103,168.00 $",Suriname,Durham University,GBP,SRD,103168,"97,902.02",0.053788267,0,,
MasterCard: Debit/Credit in SRD,"103,168.00 $",Suriname,Durham University,GBP,SRD,103168,"97,902.02",0.053788267,0,,
International Bank Transfer in US Dollars (USD),"$13,362.00",Suriname,Durham University,GBP,USD,13362,"13,111.45",0.019109252,0,,
International Bank Transfer in British Pounds (GBP),"£10,000.00",Suriname,Durham University,GBP,GBP,10000,10000,0,0,,
Domestic Bank Transfer in Swedish Krona (SEK),"kr119,212.00",Sweden,Durham University,GBP,SEK,119212,"1,15,939.20",0.028228589,0,,
VISA: Debit/Credit in SEK,"kr120,363.00",Sweden,Durham University,GBP,SEK,120363,"1,15,939.20",0.038156206,0,,
MasterCard: Debit/Credit in SEK,"kr120,363.00",Sweden,Durham University,GBP,SEK,120363,"1,15,939.20",0.038156206,0,,
Online Bank Transfer,"kr119,212.00",Sweden,Durham University,GBP,SEK,119212,"1,15,939.20",0.028228589,0,,
International Bank Transfer in US Dollars (USD),"$13,364.00",Sweden,Durham University,GBP,USD,13364,"13,111.45",0.01926179,0,,
International Bank Transfer in British Pounds (GBP),"£10,023.00",Sweden,Durham University,GBP,GBP,10023,10000,0,23,,
American Express in EUR,"11.640,00 €",Sweden,Durham University,GBP,EUR,11640,"11,202.47",0.039056565,0,,
Domestic Bank Transfer in Swiss Francs (CHF),"Fr13,085.00",Switzerland,Durham University,GBP,CHF,13085,"12,723.84",0.028384513,0,,
VISA: Debit/Credit in CHF,"Fr13,338.00",Switzerland,Durham University,GBP,CHF,13338,"12,723.84",0.048268447,0,,
MasterCard: Debit/Credit in CHF,"Fr13,338.00",Switzerland,Durham University,GBP,CHF,13338,"12,723.84",0.048268447,0,,
International Bank Transfer in US Dollars (USD),"$13,363.00",Switzerland,Durham University,GBP,USD,13363,"13,111.45",0.019185521,0,,
International Bank Transfer in British Pounds (GBP),"£10,023.00",Switzerland,Durham University,GBP,GBP,10023,10000,0,23,,
International Bank Transfer in Euros (EUR),"11.529,00 €",Switzerland,Durham University,GBP,EUR,11529,"11,202.47",0.029148036,0,,
VISA: Debit/Credit in TWD,"422,500.00 NT$",Taiwan,Durham University,GBP,TWD,422500,"4,00,915.22",0.053838764,0,,
MasterCard: Debit/Credit in TWD,"422,500.00 NT$",Taiwan,Durham University,GBP,TWD,422500,"4,00,915.22",0.053838764,0,,
International Bank Transfer in US Dollars (USD),"$13,360.00",Taiwan,Durham University,GBP,USD,13360,"13,111.45",0.018956713,0,,
International Bank Transfer in Euros (EUR),"11.530,00 €",Taiwan,Durham University,GBP,EUR,11530,"11,202.47",0.029237302,0,,
International Bank Transfer in British Pounds (GBP),"£10,000.00",Taiwan,Durham University,GBP,GBP,10000,10000,0,0,,
Debit/Credit Card in TJS,"130,309.00 TJS",Tajikistan,Durham University,GBP,TJS,130309,"1,23,651.70",0.05383913,0,,
International Bank Transfer in US Dollars (USD),"$13,359.00",Tajikistan,Durham University,GBP,USD,13359,"13,111.45",0.018880444,0,,
International Bank Transfer in British Pounds (GBP),"£10,000.00",Tajikistan,Durham University,GBP,GBP,10000,10000,0,0,,
Debit/Credit Card in TZS,"Sh31,594,000.00","Tanzania, United Republic of",Durham University,GBP,TZS,31594000,"2,99,80,716.99",0.053810688,0,,
International Bank Transfer in US Dollars (USD),"$13,362.00","Tanzania, United Republic of",Durham University,GBP,USD,13362,"13,111.45",0.019109252,0,,
International Bank Transfer in British Pounds (GBP),"£10,000.00","Tanzania, United Republic of",Durham University,GBP,GBP,10000,10000,0,0,,
Bank Transfer in Thai Baht (THB),"฿435,876.00",Thailand,Durham University,GBP,THB,435876,"4,25,347.83",0.024751907,0,,
VISA: Debit/Credit in THB,"฿448,277.00",Thailand,Durham University,GBP,THB,448277,"4,25,347.83",0.05390687,0,,
MasterCard: Debit/Credit in THB,"฿448,277.00",Thailand,Durham University,GBP,THB,448277,"4,25,347.83",0.05390687,0,,
UnionPay Card in THB,"฿440,844.00",Thailand,Durham University,GBP,THB,440844,"4,25,347.83",0.03643176,0,,
International Bank Transfer in US Dollars (USD),"$13,359.00",Thailand,Durham University,GBP,USD,13359,"13,111.45",0.018880444,0,,
International Bank Transfer in British Pounds (GBP),"£10,000.00",Thailand,Durham University,GBP,GBP,10000,10000,0,0,,
VISA: Debit/Credit in TTD,"93,183.00 TT$",Trinidad and Tobago,Durham University,GBP,TTD,93183,"88,362.10",0.054558459,0,,
Mastercard: Debit/Credit in TTD,"93,183.00 TT$",Trinidad and Tobago,Durham University,GBP,TTD,93183,"88,362.10",0.054558459,0,,
International Bank Transfer in US Dollars (USD),"$13,362.00",Trinidad and Tobago,Durham University,GBP,USD,13362,"13,111.45",0.019109252,0,,
International Bank Transfer in British Pounds (GBP),"£10,000.00",Trinidad and Tobago,Durham University,GBP,GBP,10000,10000,0,0,,
International Bank Transfer in Canadian Dollars (CAD),"$17,581.00",Trinidad and Tobago,Durham University,GBP,CAD,17581,"17,140.49",0.025699965,0,,
MasterCard: Debit/Credit in TND,"38,608.000 dt",Tunisia,Durham University,GBP,TND,38608,"36,654.13",0.053305589,0,,
VISA: Debit/Credit in TND,"38,608.000 dt",Tunisia,Durham University,GBP,TND,38608,"36,654.13",0.053305589,0,,
International Bank Transfer in US Dollars (USD),"$13,364.00",Tunisia,Durham University,GBP,USD,13364,"13,111.45",0.01926179,0,,
International Bank Transfer in British Pounds (GBP),"£10,000.00",Tunisia,Durham University,GBP,GBP,10000,10000,0,0,,
Domestic Bank Transfer in Turkish Lira (TRY),"82,313.00 TL",Turkey,Durham University,GBP,TRY,82313,"80,081.67",0.02786318,0,,
VISA: Debit/Credit in TRY,"84,351.00 TL",Turkey,Durham University,GBP,TRY,84351,"80,081.67",0.0533122,0,,
MasterCard: Debit/Credit in TRY,"84,351.00 TL",Turkey,Durham University,GBP,TRY,84351,"80,081.67",0.0533122,0,,
International Bank Transfer in British Pounds (GBP),"£10,023.00",Turkey,Durham University,GBP,GBP,10023,10000,0,23,,
International Bank Transfer in US Dollars (USD),"$13,364.00",Turkey,Durham University,GBP,USD,13364,"13,111.45",0.01926179,0,,
International Bank Transfer in Euros (EUR),"11.532,00 €",Turkey,Durham University,GBP,EUR,11532,"11,202.47",0.029415834,0,,
International Bank Transfer in US Dollars (USD),"$13,365.00",Turkmenistan,Durham University,GBP,USD,13365,"13,111.45",0.019338059,0,,
International Bank Transfer in British Pounds (GBP),"£10,000.00",Turkmenistan,Durham University,GBP,GBP,10000,10000,0,0,,
Debit/Credit Card in UGX,"52,840,000.00 USh",Uganda,Durham University,GBP,UGX,52840000,"5,01,90,757.44",0.052783474,0,,
International Bank Transfer in US Dollars (USD),"$13,367.00",Uganda,Durham University,GBP,USD,13367,"13,111.45",0.019490598,0,,
International Bank Transfer in British Pounds (GBP),"£10,000.00",Uganda,Durham University,GBP,GBP,10000,10000,0,0,,
Debit/Credit Card in UAH,"388,987.00 ₴",Ukraine,Durham University,GBP,UAH,388987,"3,69,163.56",0.053698258,0,,
International Bank Transfer in British Pounds (GBP),"£10,000.00",Ukraine,Durham University,GBP,GBP,10000,10000,0,0,,
VISA: Debit/Credit in EUR,"11.643,00 €",Ukraine,Durham University,GBP,EUR,11643,"11,202.47",0.039324363,0,,
MasterCard: Debit/Credit in EUR,"11.643,00 €",Ukraine,Durham University,GBP,EUR,11643,"11,202.47",0.039324363,0,,
MasterCard: Debit/Credit in USD,"$13,837.00",Ukraine,Durham University,GBP,USD,13837,"13,111.45",0.055337129,0,,
VISA: Debit/Credit in USD,"$13,837.00",Ukraine,Durham University,GBP,USD,13837,"13,111.45",0.055337129,0,,
International Bank Transfer in US Dollars (USD),"$13,365.00",Ukraine,Durham University,GBP,USD,13365,"13,111.45",0.019338059,0,,
Bank Transfer in Emirati Dirham (AED),"د.إ49,104.00",United Arab Emirates,Durham University,GBP,AED,49104,"48,220.05",0.018331586,0,,
Debit/Credit Card in AED,"د.إ50,812.00",United Arab Emirates,Durham University,GBP,AED,50812,"48,220.05",0.053752537,0,,
VISA: Debit/Credit in AED,"د.إ50,812.00",United Arab Emirates,Durham University,GBP,AED,50812,"48,220.05",0.053752537,0,,
MasterCard: Debit/Credit in AED,"د.إ50,812.00",United Arab Emirates,Durham University,GBP,AED,50812,"48,220.05",0.053752537,0,,
International Bank Transfer in US Dollars (USD),"$13,364.00",United Arab Emirates,Durham University,GBP,USD,13364,"13,111.45",0.01926179,0,,
International Bank Transfer in British Pounds (GBP),"£10,000.00",United Arab Emirates,Durham University,GBP,GBP,10000,10000,0,0,,
Domestic Bank Transfer in US Dollars(USD),"$13,365.00",United States,Durham University,GBP,USD,13365,"13,111.45",0.019338059,0,,
MasterCard: Debit/Credit in USD,"$13,764.00",United States,Durham University,GBP,USD,13764,"13,111.45",0.049769476,0,,
VISA: Debit/Credit in USD,"$13,764.00",United States,Durham University,GBP,USD,13764,"13,111.45",0.049769476,0,,
American Express in USD,"$13,365.00",United States,Durham University,GBP,USD,13365,"13,111.45",0.019338059,0,,
PayPal in USD,"$13,678.00",United States,Durham University,GBP,USD,13678,"13,111.45",0.043210324,0,,
International Bank Transfer in British Pounds (GBP),"£10,023.00",United States,Durham University,GBP,GBP,10023,10000,0,23,,
International Bank Transfer in Canadian Dollars (CAD),"$17,483.00",United States,Durham University,GBP,CAD,17483,"17,144.91",0.019719555,0,,
VISA: Debit/Credit in UYU,"$451.500,00",Uruguay,Durham University,GBP,UYU,451500,"4,28,488.92",0.053702859,0,,
MasterCard: Debit/Credit in UYU,"$451.500,00",Uruguay,Durham University,GBP,UYU,451500,"4,28,488.92",0.053702859,0,,
International Bank Transfer in US Dollars (USD),"$13,364.00",Uruguay,Durham University,GBP,USD,13364,"13,111.45",0.01926179,0,,
International Bank Transfer in British Pounds (GBP),"£10,000.00",Uruguay,Durham University,GBP,GBP,10000,10000,0,0,,
VISA: Debit/Credit in USD,"$13,763.00",Uruguay,Durham University,GBP,USD,13763,"13,111.45",0.049693207,0,,
MasterCard: Debit/Credit in USD,"$13,763.00",Uruguay,Durham University,GBP,USD,13763,"13,111.45",0.049693207,0,,
Debit/Credit Card in UZS,"111,741,000.00 лв",Uzbekistan,Durham University,GBP,UZS,111741000,"10,59,97,567.75",0.054184566,0,,
International Bank Transfer in US Dollars (USD),"$13,366.00",Uzbekistan,Durham University,GBP,USD,13366,"13,111.45",0.019414329,0,,
International Bank Transfer in British Pounds (GBP),"£10,000.00",Uzbekistan,Durham University,GBP,GBP,10000,10000,0,0,,
International Bank Transfer in British Pounds (GBP),"£10,000.00",Venezuela,Durham University,GBP,GBP,10000,10000,0,0,,
International Bank Transfer in US Dollars (USD),"$13,363.00",Venezuela,Durham University,GBP,USD,13363,"13,111.45",0.019185521,0,,
International Bank Transfer in British Pounds (GBP),"£10,000.00",Vietnam,Durham University,GBP,GBP,10000,10000,0,0,,
International Bank Transfer in US Dollars (USD),"$13,363.00",Vietnam,Durham University,GBP,USD,13363,"13,111.45",0.019185521,0,,
International Bank Transfer in US Dollars (USD),"$13,364.00",Western Sahara,Durham University,GBP,USD,13364,"13,111.45",0.01926179,0,,
International Bank Transfer in British Pounds (GBP),"£10,000.00",Western Sahara,Durham University,GBP,GBP,10000,10000,0,0,,
MasterCard: Debit/Credit in YER,"3,462,500.00 ﷼",Yemen,Durham University,GBP,YER,3462500,"32,86,061.35",0.053693048,0,,
VISA: Debit/Credit in Yer,"3,462,500.00 ﷼",Yemen,Durham University,GBP,YER,3462500,"32,86,061.35",0.053693048,0,,
International Bank Transfer in US Dollars (USD),"$13,364.00",Yemen,Durham University,GBP,USD,13364,"13,111.45",0.01926179,0,,
International Bank Transfer in British Pounds (GBP),"£10,000.00",Yemen,Durham University,GBP,GBP,10000,10000,0,0,,
International Bank Transfer in British Pounds (GBP),"£10,000.00",Zambia,Durham University,GBP,GBP,10000,10000,0,0,,
International Bank Transfer in US Dollars (USD),"$13,364.00",Zambia,Durham University,GBP,USD,13364,"13,111.45",0.01926179,0,,
International Bank Transfer in South African Rand (ZAR),"R191,505.00",Zambia,Durham University,GBP,ZAR,191505,"1,85,864.73",0.030346102,0,,
International Bank Transfer in US Dollars (USD),"$13,364.00",Zimbabwe,Durham University,GBP,USD,13364,"13,111.45",0.01926179,0,,
International Bank Transfer in British Pounds (GBP),"£10,000.00",Zimbabwe,Durham University,GBP,GBP,10000,10000,0,0,,
International Bank Transfer in South African Rand (ZAR),"R191,397.00",Zimbabwe,Durham University,GBP,ZAR,191397,"1,85,849.47",0.029849587,0,,
